"target_function","core_scope","unique_ioctls_calling_this","ioctl_list","file"
"_printk","3_kernel",11,"v4l_dqbuf, v4l_g_fmt, v4l_qbuf, v4l_querybuf, v4l_reqbufs, v4l_s_ext_ctrls, v4l_s_fmt, v4l_streamoff, v4l_streamon, v4l_stub_enum_framesizes, v4l_stub_expbuf","printk.h"
"memset","3_kernel",11,"v4l_dqbuf, v4l_enum_fmt, v4l_g_fmt, v4l_qbuf, v4l_query_ext_ctrl, v4l_querybuf, v4l_reqbufs, v4l_s_ext_ctrls, v4l_s_fmt, v4l_streamoff, v4l_streamon","string_fortified.h"
"video_devdata","2_SubSystem",10,"v4l_dqbuf, v4l_enum_fmt, v4l_g_fmt, v4l_qbuf, v4l_query_ext_ctrl, v4l_querybuf, v4l_querycap, v4l_reqbufs, v4l_s_ext_ctrls, v4l_s_fmt","v4l2-dev.c"
"file_inode","3_kernel",10,"v4l_dqbuf, v4l_enum_fmt, v4l_g_fmt, v4l_qbuf, v4l_query_ext_ctrl, v4l_querybuf, v4l_querycap, v4l_reqbufs, v4l_s_ext_ctrls, v4l_s_fmt","fs.h"
"iminor","3_kernel",10,"v4l_dqbuf, v4l_enum_fmt, v4l_g_fmt, v4l_qbuf, v4l_query_ext_ctrl, v4l_querybuf, v4l_querycap, v4l_reqbufs, v4l_s_ext_ctrls, v4l_s_fmt","fs.h"
"get_queue_ctx","2_SubSystem",9,"v4l_dqbuf, v4l_qbuf, v4l_querybuf, v4l_reqbufs, v4l_s_ext_ctrls, v4l_s_fmt, v4l_streamoff, v4l_streamon, v4l_stub_expbuf","v4l2-mem2mem.c"
"mutex_unlock","3_kernel",8,"v4l_dqbuf, v4l_qbuf, v4l_query_ext_ctrl, v4l_reqbufs, v4l_s_ext_ctrls, v4l_s_fmt, v4l_streamoff, v4l_streamon","mutex.h"
"v4l2_m2m_get_vq","2_SubSystem",8,"v4l_dqbuf, v4l_qbuf, v4l_querybuf, v4l_reqbufs, v4l_s_ext_ctrls, v4l_s_fmt, v4l_streamon, v4l_stub_expbuf","v4l2-mem2mem.c"
"generic_test_bit","3_kernel",8,"v4l_qbuf, v4l_query_ext_ctrl, v4l_querybuf, v4l_reqbufs, v4l_s_ext_ctrls, v4l_streamoff, v4l_streamon, v4l_stub_expbuf","generic-non-atomic.h"
"mutex_lock","3_kernel",8,"v4l_dqbuf, v4l_qbuf, v4l_query_ext_ctrl, v4l_reqbufs, v4l_s_ext_ctrls, v4l_s_fmt, v4l_streamoff, v4l_streamon","mutex.h"
"const_test_bit","3_kernel",8,"v4l_qbuf, v4l_query_ext_ctrl, v4l_querybuf, v4l_reqbufs, v4l_s_ext_ctrls, v4l_streamoff, v4l_streamon, v4l_stub_expbuf","generic-non-atomic.h"
"list_is_head","3_kernel",7,"v4l_dqbuf, v4l_qbuf, v4l_query_ext_ctrl, v4l_reqbufs, v4l_s_ext_ctrls, v4l_streamoff, v4l_streamon","list.h"
"check_fmt","2_SubSystem",7,"v4l_dqbuf, v4l_enum_fmt, v4l_g_fmt, v4l_qbuf, v4l_querybuf, v4l_reqbufs, v4l_s_fmt","v4l2-ioctl.c"
"list_empty","3_kernel",7,"v4l_dqbuf, v4l_qbuf, v4l_query_ext_ctrl, v4l_reqbufs, v4l_s_ext_ctrls, v4l_streamoff, v4l_streamon","list.h"
"kfree","3_kernel",7,"v4l_dqbuf, v4l_qbuf, v4l_reqbufs, v4l_s_ext_ctrls, v4l_streamoff, v4l_streamon, v4l_stub_expbuf","slab.h"
"hantro_get_formats","1_Driver",6,"v4l_enum_fmt, v4l_qbuf, v4l_s_ext_ctrls, v4l_s_fmt, v4l_streamon, v4l_stub_enum_framesizes","hantro_v4l2.c"
"__raw_spin_lock_irqsave","3_kernel",6,"v4l_dqbuf, v4l_qbuf, v4l_reqbufs, v4l_s_ext_ctrls, v4l_streamoff, v4l_streamon","spinlock_api_smp.h"
"vb2_get_buffer","2_SubSystem",6,"v4l_qbuf, v4l_querybuf, v4l_reqbufs, v4l_streamoff, v4l_streamon, v4l_stub_expbuf","videobuf2-core.h"
"hantro_get_postproc_formats","2_SubSystem",6,"v4l_enum_fmt, v4l_qbuf, v4l_s_ext_ctrls, v4l_s_fmt, v4l_streamon, v4l_stub_enum_framesizes","hantro_v4l2.c"
"__init_vb2_v4l2_buffer","2_SubSystem",6,"v4l_dqbuf, v4l_qbuf, v4l_reqbufs, v4l_s_ext_ctrls, v4l_streamoff, v4l_streamon","videobuf2-v4l2.c"
"vb2_fileio_is_active","2_SubSystem",6,"v4l_dqbuf, v4l_qbuf, v4l_reqbufs, v4l_streamoff, v4l_streamon, v4l_stub_expbuf","videobuf2-core.h"
"hantro_get_postproc_formats","1_Driver",6,"v4l_enum_fmt, v4l_qbuf, v4l_s_ext_ctrls, v4l_s_fmt, v4l_streamon, v4l_stub_enum_framesizes","hantro_v4l2.c"
"mutex_destroy","3_kernel",6,"v4l_dqbuf, v4l_qbuf, v4l_reqbufs, v4l_s_ext_ctrls, v4l_streamoff, v4l_streamon","mutex.h"
"find_ref","2_SubSystem",6,"v4l_qbuf, v4l_query_ext_ctrl, v4l_reqbufs, v4l_s_ext_ctrls, v4l_streamoff, v4l_streamon","v4l2-ctrls-core.c"
"v4l2_ctrl_handler_free_request","2_SubSystem",6,"v4l_dqbuf, v4l_qbuf, v4l_reqbufs, v4l_s_ext_ctrls, v4l_streamoff, v4l_streamon","v4l2-ctrls-request.c"
"media_request_object_unbind","3_kernel",6,"v4l_dqbuf, v4l_qbuf, v4l_reqbufs, v4l_s_ext_ctrls, v4l_streamoff, v4l_streamon","mc-request.c"
"media_request_object_put","3_kernel",6,"v4l_dqbuf, v4l_qbuf, v4l_reqbufs, v4l_s_ext_ctrls, v4l_streamoff, v4l_streamon","mc-request.c"
"spinlock_check","3_kernel",6,"v4l_dqbuf, v4l_qbuf, v4l_reqbufs, v4l_s_ext_ctrls, v4l_streamoff, v4l_streamon","spinlock.h"
"spin_unlock_irqrestore","3_kernel",6,"v4l_dqbuf, v4l_qbuf, v4l_reqbufs, v4l_s_ext_ctrls, v4l_streamoff, v4l_streamon","spinlock.h"
"media_request_put","3_kernel",6,"v4l_dqbuf, v4l_qbuf, v4l_reqbufs, v4l_s_ext_ctrls, v4l_streamoff, v4l_streamon","mc-request.c"
"find_private_ref","2_SubSystem",6,"v4l_qbuf, v4l_query_ext_ctrl, v4l_reqbufs, v4l_s_ext_ctrls, v4l_streamoff, v4l_streamon","v4l2-ctrls-core.c"
"node2id","2_SubSystem",6,"v4l_qbuf, v4l_query_ext_ctrl, v4l_reqbufs, v4l_s_ext_ctrls, v4l_streamoff, v4l_streamon","v4l2-ctrls-priv.h"
"hantro_get_formats","2_SubSystem",6,"v4l_enum_fmt, v4l_qbuf, v4l_s_ext_ctrls, v4l_s_fmt, v4l_streamon, v4l_stub_enum_framesizes","hantro_v4l2.c"
"v4l2_ctrl_handler_free","2_SubSystem",6,"v4l_dqbuf, v4l_qbuf, v4l_reqbufs, v4l_s_ext_ctrls, v4l_streamoff, v4l_streamon","v4l2-ctrls-core.c"
"memcpy","3_kernel",6,"v4l_qbuf, v4l_query_ext_ctrl, v4l_reqbufs, v4l_s_ext_ctrls, v4l_streamoff, v4l_streamon","string_fortified.h"
"list_del_init","3_kernel",6,"v4l_dqbuf, v4l_qbuf, v4l_reqbufs, v4l_s_ext_ctrls, v4l_streamoff, v4l_streamon","list.h"
"list_del","3_kernel",6,"v4l_dqbuf, v4l_qbuf, v4l_reqbufs, v4l_s_ext_ctrls, v4l_streamoff, v4l_streamon","list.h"
"kvfree","3_kernel",6,"v4l_dqbuf, v4l_qbuf, v4l_reqbufs, v4l_s_ext_ctrls, v4l_streamoff, v4l_streamon","slab.h"
"list_add_tail","3_kernel",5,"v4l_qbuf, v4l_reqbufs, v4l_s_ext_ctrls, v4l_streamoff, v4l_streamon","list.h"
"v4l2_event_src_merge","2_SubSystem",5,"v4l_qbuf, v4l_reqbufs, v4l_s_ext_ctrls, v4l_streamoff, v4l_streamon","v4l2-event.c"
"v4l2_ctrl_fill","2_SubSystem",5,"v4l_qbuf, v4l_reqbufs, v4l_s_ext_ctrls, v4l_streamoff, v4l_streamon","v4l2-ctrls-defs.c"
"new_to_req","2_SubSystem",5,"v4l_qbuf, v4l_reqbufs, v4l_s_ext_ctrls, v4l_streamoff, v4l_streamon","v4l2-ctrls-core.c"
"__v4l2_event_queue_fh","2_SubSystem",5,"v4l_qbuf, v4l_reqbufs, v4l_s_ext_ctrls, v4l_streamoff, v4l_streamon","v4l2-event.c"
"hantro_find_format","1_Driver",5,"v4l_qbuf, v4l_s_ext_ctrls, v4l_s_fmt, v4l_streamon, v4l_stub_enum_framesizes","hantro_v4l2.c"
"hantro_needs_postproc","1_Driver",5,"v4l_qbuf, v4l_s_ext_ctrls, v4l_s_fmt, v4l_streamon, v4l_stub_enum_framesizes","hantro_postproc.c"
"hantro_needs_postproc","2_SubSystem",5,"v4l_qbuf, v4l_s_ext_ctrls, v4l_s_fmt, v4l_streamon, v4l_stub_enum_framesizes","hantro_postproc.c"
"hantro_find_format","2_SubSystem",5,"v4l_qbuf, v4l_s_ext_ctrls, v4l_s_fmt, v4l_streamon, v4l_stub_enum_framesizes","hantro_v4l2.c"
"v4l2_event_queue_fh","2_SubSystem",5,"v4l_qbuf, v4l_reqbufs, v4l_s_ext_ctrls, v4l_streamoff, v4l_streamon","v4l2-event.c"
"media_request_object_bind","3_kernel",5,"v4l_qbuf, v4l_reqbufs, v4l_s_ext_ctrls, v4l_streamoff, v4l_streamon","mc-request.c"
"media_request_object_init","3_kernel",5,"v4l_qbuf, v4l_reqbufs, v4l_s_ext_ctrls, v4l_streamoff, v4l_streamon","mc-request.c"
"media_request_object_find","3_kernel",5,"v4l_qbuf, v4l_reqbufs, v4l_s_ext_ctrls, v4l_streamoff, v4l_streamon","mc-request.c"
"kzalloc_noprof","3_kernel",5,"v4l_qbuf, v4l_reqbufs, v4l_s_ext_ctrls, v4l_streamoff, v4l_streamon","slab.h"
"__kvmalloc_node_noprof","3_kernel",5,"v4l_qbuf, v4l_reqbufs, v4l_s_ext_ctrls, v4l_streamoff, v4l_streamon","slab.h"
"__mutex_init","3_kernel",5,"v4l_qbuf, v4l_reqbufs, v4l_s_ext_ctrls, v4l_streamoff, v4l_streamon","mutex.h"
"ktime_get_ns","3_kernel",5,"v4l_qbuf, v4l_reqbufs, v4l_s_ext_ctrls, v4l_streamoff, v4l_streamon","timekeeping.h"
"ptr_to_ptr","2_SubSystem",5,"v4l_qbuf, v4l_reqbufs, v4l_s_ext_ctrls, v4l_streamoff, v4l_streamon","v4l2-ctrls-core.c"
"std_init_compound","2_SubSystem",5,"v4l_qbuf, v4l_reqbufs, v4l_s_ext_ctrls, v4l_streamoff, v4l_streamon","v4l2-ctrls-core.c"
"v4l2_ctrl_request_bind","2_SubSystem",5,"v4l_qbuf, v4l_reqbufs, v4l_s_ext_ctrls, v4l_streamoff, v4l_streamon","v4l2-ctrls-request.c"
"v4l2_ctrl_request_clone","2_SubSystem",5,"v4l_qbuf, v4l_reqbufs, v4l_s_ext_ctrls, v4l_streamoff, v4l_streamon","v4l2-ctrls-request.c"
"v4l2_ctrl_type_op_init","2_SubSystem",5,"v4l_qbuf, v4l_reqbufs, v4l_s_ext_ctrls, v4l_streamoff, v4l_streamon","v4l2-ctrls-core.c"
"INIT_LIST_HEAD","3_kernel",5,"v4l_qbuf, v4l_reqbufs, v4l_s_ext_ctrls, v4l_streamoff, v4l_streamon","list.h"
"kvmalloc_array_node_noprof","3_kernel",5,"v4l_qbuf, v4l_reqbufs, v4l_s_ext_ctrls, v4l_streamoff, v4l_streamon","slab.h"
"v4l2_ctrl_handler_init_request","2_SubSystem",5,"v4l_qbuf, v4l_reqbufs, v4l_s_ext_ctrls, v4l_streamoff, v4l_streamon","v4l2-ctrls-request.c"
"v4l2_ctrl_new","2_SubSystem",5,"v4l_qbuf, v4l_reqbufs, v4l_s_ext_ctrls, v4l_streamoff, v4l_streamon","v4l2-ctrls-core.c"
"hantro_get_format_depth","2_SubSystem",5,"v4l_enum_fmt, v4l_qbuf, v4l_s_ext_ctrls, v4l_s_fmt, v4l_streamon","hantro_v4l2.c"
"v4l2_ctrl_merge","2_SubSystem",5,"v4l_qbuf, v4l_reqbufs, v4l_s_ext_ctrls, v4l_streamoff, v4l_streamon","v4l2-ctrls-api.c"
"v4l2_ctrl_replace","2_SubSystem",5,"v4l_qbuf, v4l_reqbufs, v4l_s_ext_ctrls, v4l_streamoff, v4l_streamon","v4l2-ctrls-api.c"
"v4l2_ctrl_get_name","2_SubSystem",5,"v4l_qbuf, v4l_reqbufs, v4l_s_ext_ctrls, v4l_streamoff, v4l_streamon","v4l2-ctrls-defs.c"
"vb2_state_name","2_SubSystem",5,"v4l_dqbuf, v4l_qbuf, v4l_reqbufs, v4l_streamoff, v4l_streamon","videobuf2-core.c"
"hantro_check_depth_match","1_Driver",5,"v4l_enum_fmt, v4l_qbuf, v4l_s_ext_ctrls, v4l_s_fmt, v4l_streamon","hantro_v4l2.c"
"v4l2_event_subscribed","2_SubSystem",5,"v4l_qbuf, v4l_reqbufs, v4l_s_ext_ctrls, v4l_streamoff, v4l_streamon","v4l2-event.c"
"list_add","3_kernel",5,"v4l_qbuf, v4l_reqbufs, v4l_s_ext_ctrls, v4l_streamoff, v4l_streamon","list.h"
"cur_to_new","2_SubSystem",5,"v4l_qbuf, v4l_reqbufs, v4l_s_ext_ctrls, v4l_streamoff, v4l_streamon","v4l2-ctrls-core.c"
"v4l2_ctrl_new_std","2_SubSystem",5,"v4l_qbuf, v4l_reqbufs, v4l_s_ext_ctrls, v4l_streamoff, v4l_streamon","v4l2-ctrls-core.c"
"sev_pos","2_SubSystem",5,"v4l_qbuf, v4l_reqbufs, v4l_s_ext_ctrls, v4l_streamoff, v4l_streamon","v4l2-event.c"
"v4l2_ctrl_unlock","3_kernel",5,"v4l_qbuf, v4l_reqbufs, v4l_s_ext_ctrls, v4l_streamoff, v4l_streamon","v4l2-ctrls.h"
"queued_spin_is_locked","3_kernel",5,"v4l_qbuf, v4l_reqbufs, v4l_s_ext_ctrls, v4l_streamoff, v4l_streamon","qspinlock.h"
"v4l2_ctrl_lock","3_kernel",5,"v4l_qbuf, v4l_reqbufs, v4l_s_ext_ctrls, v4l_streamoff, v4l_streamon","v4l2-ctrls.h"
"hantro_get_format_depth","1_Driver",5,"v4l_enum_fmt, v4l_qbuf, v4l_s_ext_ctrls, v4l_s_fmt, v4l_streamon","hantro_v4l2.c"
"handler_new_ref","2_SubSystem",5,"v4l_qbuf, v4l_reqbufs, v4l_s_ext_ctrls, v4l_streamoff, v4l_streamon","v4l2-ctrls-core.c"
"v4l2_ctrl_handler_init_class","2_SubSystem",5,"v4l_qbuf, v4l_reqbufs, v4l_s_ext_ctrls, v4l_streamoff, v4l_streamon","v4l2-ctrls-core.c"
"find_ref_lock","2_SubSystem",5,"v4l_qbuf, v4l_reqbufs, v4l_s_ext_ctrls, v4l_streamoff, v4l_streamon","v4l2-ctrls-core.c"
"handler_set_err","2_SubSystem",5,"v4l_qbuf, v4l_reqbufs, v4l_s_ext_ctrls, v4l_streamoff, v4l_streamon","v4l2-ctrls-core.c"
"req_alloc_array","2_SubSystem",5,"v4l_qbuf, v4l_reqbufs, v4l_s_ext_ctrls, v4l_streamoff, v4l_streamon","v4l2-ctrls-core.c"
"hantro_check_depth_match","2_SubSystem",5,"v4l_enum_fmt, v4l_qbuf, v4l_s_ext_ctrls, v4l_s_fmt, v4l_streamon","hantro_v4l2.c"
"check_range","2_SubSystem",5,"v4l_qbuf, v4l_reqbufs, v4l_s_ext_ctrls, v4l_streamoff, v4l_streamon","v4l2-ctrls-core.c"
"v4l2_event_src_replace","2_SubSystem",5,"v4l_qbuf, v4l_reqbufs, v4l_s_ext_ctrls, v4l_streamoff, v4l_streamon","v4l2-event.c"
"__wake_up","3_kernel",5,"v4l_qbuf, v4l_reqbufs, v4l_s_ext_ctrls, v4l_streamoff, v4l_streamon","wait.h"
"refcount_read","3_kernel",4,"v4l_dqbuf, v4l_qbuf, v4l_querybuf, v4l_reqbufs","refcount.h"
"rockchip_vpu981_av1_dec_tiles_free","2_SubSystem",4,"v4l_qbuf, v4l_reqbufs, v4l_streamoff, v4l_streamon","rockchip_vpu981_hw_av1_dec.c"
"__compiletime_assert_625","1_Driver",4,"v4l_qbuf, v4l_s_ext_ctrls, v4l_s_fmt, v4l_streamon","camss-ispif.c"
"__compiletime_assert_625","1_Driver",4,"v4l_qbuf, v4l_s_ext_ctrls, v4l_s_fmt, v4l_streamon","camss-csid.c"
"__compiletime_assert_625","1_Driver",4,"v4l_qbuf, v4l_s_ext_ctrls, v4l_s_fmt, v4l_streamon","rzg2l-csi2.c"
"v4l2_ctrl_request_complete","2_SubSystem",4,"v4l_qbuf, v4l_reqbufs, v4l_streamoff, v4l_streamon","v4l2-ctrls-request.c"
"rockchip_vpu981_av1_dec_tiles_free","1_Driver",4,"v4l_qbuf, v4l_reqbufs, v4l_streamoff, v4l_streamon","rockchip_vpu981_hw_av1_dec.c"
"hantro_h264_dec_exit","1_Driver",4,"v4l_qbuf, v4l_reqbufs, v4l_streamoff, v4l_streamon","hantro_h264.c"
"vb2_get_drv_priv","2_SubSystem",4,"v4l_qbuf, v4l_reqbufs, v4l_streamoff, v4l_streamon","videobuf2-core.h"
"vb2_is_busy","2_SubSystem",4,"v4l_qbuf, v4l_s_ext_ctrls, v4l_s_fmt, v4l_streamon","videobuf2-core.h"
"vb2_is_streaming","2_SubSystem",4,"v4l_qbuf, v4l_s_ext_ctrls, v4l_s_fmt, v4l_streamon","videobuf2-core.h"
"vb2_buffer_in_use","2_SubSystem",4,"v4l_dqbuf, v4l_qbuf, v4l_querybuf, v4l_reqbufs","videobuf2-core.c"
"hantro_try_fmt","2_SubSystem",4,"v4l_qbuf, v4l_s_ext_ctrls, v4l_s_fmt, v4l_streamon","hantro_v4l2.c"
"hantro_try_fmt","1_Driver",4,"v4l_qbuf, v4l_s_ext_ctrls, v4l_s_fmt, v4l_streamon","hantro_v4l2.c"
"hantro_reset_fmt","2_SubSystem",4,"v4l_qbuf, v4l_s_ext_ctrls, v4l_s_fmt, v4l_streamon","hantro_v4l2.c"
"hantro_reset_fmt","1_Driver",4,"v4l_qbuf, v4l_s_ext_ctrls, v4l_s_fmt, v4l_streamon","hantro_v4l2.c"
"hantro_update_requires_request","2_SubSystem",4,"v4l_qbuf, v4l_s_ext_ctrls, v4l_s_fmt, v4l_streamon","hantro_v4l2.c"
"hantro_update_requires_request","1_Driver",4,"v4l_qbuf, v4l_s_ext_ctrls, v4l_s_fmt, v4l_streamon","hantro_v4l2.c"
"vb2_buffer_done","2_SubSystem",4,"v4l_qbuf, v4l_reqbufs, v4l_streamoff, v4l_streamon","videobuf2-core.c"
"hantro_update_requires_hold_capture_buf","2_SubSystem",4,"v4l_qbuf, v4l_s_ext_ctrls, v4l_s_fmt, v4l_streamon","hantro_v4l2.c"
"hantro_update_requires_hold_capture_buf","1_Driver",4,"v4l_qbuf, v4l_s_ext_ctrls, v4l_s_fmt, v4l_streamon","hantro_v4l2.c"
"hantro_set_fmt_out","2_SubSystem",4,"v4l_qbuf, v4l_s_ext_ctrls, v4l_s_fmt, v4l_streamon","hantro_v4l2.c"
"hantro_set_fmt_out","1_Driver",4,"v4l_qbuf, v4l_s_ext_ctrls, v4l_s_fmt, v4l_streamon","hantro_v4l2.c"
"hantro_set_fmt_cap","2_SubSystem",4,"v4l_qbuf, v4l_s_ext_ctrls, v4l_s_fmt, v4l_streamon","hantro_v4l2.c"
"hantro_set_fmt_cap","1_Driver",4,"v4l_qbuf, v4l_s_ext_ctrls, v4l_s_fmt, v4l_streamon","hantro_v4l2.c"
"trace_vb2_buf_done","3_kernel",4,"v4l_qbuf, v4l_reqbufs, v4l_streamoff, v4l_streamon","vb2.h"
"hantro_vq_is_coded","2_SubSystem",4,"v4l_qbuf, v4l_reqbufs, v4l_streamoff, v4l_streamon","hantro_v4l2.c"
"hantro_vq_is_coded","1_Driver",4,"v4l_qbuf, v4l_reqbufs, v4l_streamoff, v4l_streamon","hantro_v4l2.c"
"cur_to_req","2_SubSystem",4,"v4l_qbuf, v4l_reqbufs, v4l_streamoff, v4l_streamon","v4l2-ctrls-core.c"
"hantro_reset_raw_fmt","2_SubSystem",4,"v4l_qbuf, v4l_s_ext_ctrls, v4l_s_fmt, v4l_streamon","hantro_v4l2.c"
"hantro_reset_raw_fmt","1_Driver",4,"v4l_qbuf, v4l_s_ext_ctrls, v4l_s_fmt, v4l_streamon","hantro_v4l2.c"
"hantro_get_default_fmt","2_SubSystem",4,"v4l_qbuf, v4l_s_ext_ctrls, v4l_s_fmt, v4l_streamon","hantro_v4l2.c"
"hantro_get_default_fmt","1_Driver",4,"v4l_qbuf, v4l_s_ext_ctrls, v4l_s_fmt, v4l_streamon","hantro_v4l2.c"
"__vb2_buf_mem_finish","2_SubSystem",4,"v4l_qbuf, v4l_reqbufs, v4l_streamoff, v4l_streamon","videobuf2-core.c"
"hantro_h264_dec_exit","2_SubSystem",4,"v4l_qbuf, v4l_reqbufs, v4l_streamoff, v4l_streamon","hantro_h264.c"
"hantro_hevc_dec_exit","2_SubSystem",4,"v4l_qbuf, v4l_reqbufs, v4l_streamoff, v4l_streamon","hantro_hevc.c"
"hantro_hevc_dec_exit","1_Driver",4,"v4l_qbuf, v4l_reqbufs, v4l_streamoff, v4l_streamon","hantro_hevc.c"
"rockchip_vpu981_av1_dec_exit","2_SubSystem",4,"v4l_qbuf, v4l_reqbufs, v4l_streamoff, v4l_streamon","rockchip_vpu981_hw_av1_dec.c"
"rockchip_vpu981_av1_dec_exit","1_Driver",4,"v4l_qbuf, v4l_reqbufs, v4l_streamoff, v4l_streamon","rockchip_vpu981_hw_av1_dec.c"
"hantro_vp9_num_sbs","2_SubSystem",4,"v4l_qbuf, v4l_s_ext_ctrls, v4l_s_fmt, v4l_streamon","hantro_hw.h"
"hantro_vp9_num_sbs","1_Driver",4,"v4l_qbuf, v4l_s_ext_ctrls, v4l_s_fmt, v4l_streamon","hantro_hw.h"
"hantro_vp9_mv_size","2_SubSystem",4,"v4l_qbuf, v4l_s_ext_ctrls, v4l_s_fmt, v4l_streamon","hantro_hw.h"
"hantro_vp9_mv_size","1_Driver",4,"v4l_qbuf, v4l_s_ext_ctrls, v4l_s_fmt, v4l_streamon","hantro_hw.h"
"hantro_h264_mv_size","2_SubSystem",4,"v4l_qbuf, v4l_s_ext_ctrls, v4l_s_fmt, v4l_streamon","hantro_hw.h"
"hantro_h264_mv_size","1_Driver",4,"v4l_qbuf, v4l_s_ext_ctrls, v4l_s_fmt, v4l_streamon","hantro_hw.h"
"hantro_hevc_mv_size","2_SubSystem",4,"v4l_qbuf, v4l_s_ext_ctrls, v4l_s_fmt, v4l_streamon","hantro_hw.h"
"hantro_hevc_mv_size","1_Driver",4,"v4l_qbuf, v4l_s_ext_ctrls, v4l_s_fmt, v4l_streamon","hantro_hw.h"
"hantro_av1_num_sbs","2_SubSystem",4,"v4l_qbuf, v4l_s_ext_ctrls, v4l_s_fmt, v4l_streamon","hantro_hw.h"
"hantro_av1_num_sbs","1_Driver",4,"v4l_qbuf, v4l_s_ext_ctrls, v4l_s_fmt, v4l_streamon","hantro_hw.h"
"hantro_av1_mv_size","2_SubSystem",4,"v4l_qbuf, v4l_s_ext_ctrls, v4l_s_fmt, v4l_streamon","hantro_hw.h"
"hantro_av1_mv_size","1_Driver",4,"v4l_qbuf, v4l_s_ext_ctrls, v4l_s_fmt, v4l_streamon","hantro_hw.h"
"hantro_mpeg2_dec_exit","2_SubSystem",4,"v4l_qbuf, v4l_reqbufs, v4l_streamoff, v4l_streamon","hantro_mpeg2.c"
"hantro_mpeg2_dec_exit","1_Driver",4,"v4l_qbuf, v4l_reqbufs, v4l_streamoff, v4l_streamon","hantro_mpeg2.c"
"hantro_vp8_dec_exit","2_SubSystem",4,"v4l_qbuf, v4l_reqbufs, v4l_streamoff, v4l_streamon","hantro_vp8.c"
"vb2_dc_finish","2_SubSystem",4,"v4l_qbuf, v4l_reqbufs, v4l_streamoff, v4l_streamon","videobuf2-dma-contig.c"
"hantro_vp8_dec_exit","1_Driver",4,"v4l_qbuf, v4l_reqbufs, v4l_streamoff, v4l_streamon","hantro_vp8.c"
"vb2_dc_num_users","2_SubSystem",4,"v4l_dqbuf, v4l_qbuf, v4l_querybuf, v4l_reqbufs","videobuf2-dma-contig.c"
"invalidate_kernel_vmap_range","3_kernel",4,"v4l_qbuf, v4l_reqbufs, v4l_streamoff, v4l_streamon","highmem.h"
"hantro_vp9_dec_exit","2_SubSystem",4,"v4l_qbuf, v4l_reqbufs, v4l_streamoff, v4l_streamon","hantro_vp9.c"
"hantro_vp9_dec_exit","1_Driver",4,"v4l_qbuf, v4l_reqbufs, v4l_streamoff, v4l_streamon","hantro_vp9.c"
"fh_to_ctx","2_SubSystem",4,"v4l_enum_fmt, v4l_g_fmt, v4l_s_fmt, v4l_stub_enum_framesizes","hantro.h"
"fh_to_ctx","1_Driver",4,"v4l_enum_fmt, v4l_g_fmt, v4l_s_fmt, v4l_stub_enum_framesizes","hantro.h"
"vb2_dma_sg_num_users","2_SubSystem",4,"v4l_dqbuf, v4l_qbuf, v4l_querybuf, v4l_reqbufs","videobuf2-dma-sg.c"
"dma_free_coherent","3_kernel",4,"v4l_qbuf, v4l_reqbufs, v4l_streamoff, v4l_streamon","dma-mapping.h"
"__compiletime_assert_625","2_SubSystem",4,"v4l_qbuf, v4l_s_ext_ctrls, v4l_s_fmt, v4l_streamon","core.h"
"vb2_dma_sg_finish","2_SubSystem",4,"v4l_qbuf, v4l_reqbufs, v4l_streamoff, v4l_streamon","videobuf2-dma-sg.c"
"__compiletime_assert_625","2_SubSystem",4,"v4l_qbuf, v4l_s_ext_ctrls, v4l_s_fmt, v4l_streamon","imx8-isi-video.c"
"__compiletime_assert_625","2_SubSystem",4,"v4l_qbuf, v4l_s_ext_ctrls, v4l_s_fmt, v4l_streamon","rcar_fdp1.c"
"__compiletime_assert_625","2_SubSystem",4,"v4l_qbuf, v4l_s_ext_ctrls, v4l_s_fmt, v4l_streamon","mtk_vcodec_dec_drv.c"
"__compiletime_assert_625","2_SubSystem",4,"v4l_qbuf, v4l_s_ext_ctrls, v4l_s_fmt, v4l_streamon","camss-ispif.c"
"__compiletime_assert_625","2_SubSystem",4,"v4l_qbuf, v4l_s_ext_ctrls, v4l_s_fmt, v4l_streamon","camss-csid.c"
"__compiletime_assert_625","2_SubSystem",4,"v4l_qbuf, v4l_s_ext_ctrls, v4l_s_fmt, v4l_streamon","rzg2l-csi2.c"
"__compiletime_assert_625","2_SubSystem",4,"v4l_qbuf, v4l_s_ext_ctrls, v4l_s_fmt, v4l_streamon","camss-vfe.c"
"__compiletime_assert_625","2_SubSystem",4,"v4l_qbuf, v4l_s_ext_ctrls, v4l_s_fmt, v4l_streamon","v4l2-common.c"
"__compiletime_assert_625","2_SubSystem",4,"v4l_qbuf, v4l_s_ext_ctrls, v4l_s_fmt, v4l_streamon","wave5-hw.c"
"__compiletime_assert_625","2_SubSystem",4,"v4l_qbuf, v4l_s_ext_ctrls, v4l_s_fmt, v4l_streamon","mtk_vcodec_enc.c"
"__compiletime_assert_625","2_SubSystem",4,"v4l_qbuf, v4l_s_ext_ctrls, v4l_s_fmt, v4l_streamon","vdec.c"
"__compiletime_assert_625","2_SubSystem",4,"v4l_qbuf, v4l_s_ext_ctrls, v4l_s_fmt, v4l_streamon","vdec_vp9_req_lat_if.c"
"__compiletime_assert_625","2_SubSystem",4,"v4l_qbuf, v4l_s_ext_ctrls, v4l_s_fmt, v4l_streamon","venc.c"
"__compiletime_assert_625","2_SubSystem",4,"v4l_qbuf, v4l_s_ext_ctrls, v4l_s_fmt, v4l_streamon","hantro_jpeg.c"
"user_flags","2_SubSystem",4,"v4l_qbuf, v4l_query_ext_ctrl, v4l_s_ext_ctrls, v4l_streamon","v4l2-ctrls-priv.h"
"__compiletime_assert_625","2_SubSystem",4,"v4l_qbuf, v4l_s_ext_ctrls, v4l_s_fmt, v4l_streamon","meson-ir.c"
"__compiletime_assert_625","2_SubSystem",4,"v4l_qbuf, v4l_s_ext_ctrls, v4l_s_fmt, v4l_streamon","gsc-core.c"
"vb2_vmalloc_num_users","2_SubSystem",4,"v4l_dqbuf, v4l_qbuf, v4l_querybuf, v4l_reqbufs","videobuf2-vmalloc.c"
"dma_sync_sgtable_for_cpu","3_kernel",4,"v4l_qbuf, v4l_reqbufs, v4l_streamoff, v4l_streamon","dma-mapping.h"
"__compiletime_assert_625","2_SubSystem",4,"v4l_qbuf, v4l_s_ext_ctrls, v4l_s_fmt, v4l_streamon","camss-csiphy.c"
"__compiletime_assert_625","1_Driver",4,"v4l_qbuf, v4l_s_ext_ctrls, v4l_s_fmt, v4l_streamon","core.h"
"__compiletime_assert_625","1_Driver",4,"v4l_qbuf, v4l_s_ext_ctrls, v4l_s_fmt, v4l_streamon","imx8-isi-video.c"
"clamp_roundup","2_SubSystem",4,"v4l_qbuf, v4l_s_ext_ctrls, v4l_s_fmt, v4l_streamon","v4l2-common.c"
"v4l2_format_block_width","2_SubSystem",4,"v4l_qbuf, v4l_s_ext_ctrls, v4l_s_fmt, v4l_streamon","v4l2-common.c"
"dma_free_attrs","3_kernel",4,"v4l_qbuf, v4l_reqbufs, v4l_streamoff, v4l_streamon","dma-mapping.h"
"media_request_object_complete","3_kernel",4,"v4l_qbuf, v4l_reqbufs, v4l_streamoff, v4l_streamon","mc-request.c"
"__compiletime_assert_625","1_Driver",4,"v4l_qbuf, v4l_s_ext_ctrls, v4l_s_fmt, v4l_streamon","rcar_fdp1.c"
"v4l2_format_block_height","2_SubSystem",4,"v4l_qbuf, v4l_s_ext_ctrls, v4l_s_fmt, v4l_streamon","v4l2-common.c"
"__compiletime_assert_625","1_Driver",4,"v4l_qbuf, v4l_s_ext_ctrls, v4l_s_fmt, v4l_streamon","mtk_vcodec_dec_drv.c"
"atomic_read","3_kernel",4,"v4l_qbuf, v4l_reqbufs, v4l_streamoff, v4l_streamon","atomic-instrumented.h"
"atomic_dec","3_kernel",4,"v4l_qbuf, v4l_reqbufs, v4l_streamoff, v4l_streamon","atomic-instrumented.h"
"IS_ERR","3_kernel",4,"v4l_qbuf, v4l_reqbufs, v4l_s_ext_ctrls, v4l_stub_expbuf","err.h"
"__compiletime_assert_625","1_Driver",4,"v4l_qbuf, v4l_s_ext_ctrls, v4l_s_fmt, v4l_streamon","camss-vfe.c"
"__compiletime_assert_625","1_Driver",4,"v4l_qbuf, v4l_s_ext_ctrls, v4l_s_fmt, v4l_streamon","v4l2-common.c"
"__compiletime_assert_625","1_Driver",4,"v4l_qbuf, v4l_s_ext_ctrls, v4l_s_fmt, v4l_streamon","wave5-hw.c"
"__compiletime_assert_625","1_Driver",4,"v4l_qbuf, v4l_s_ext_ctrls, v4l_s_fmt, v4l_streamon","mtk_vcodec_enc.c"
"__compiletime_assert_625","1_Driver",4,"v4l_qbuf, v4l_s_ext_ctrls, v4l_s_fmt, v4l_streamon","vdec.c"
"__compiletime_assert_625","1_Driver",4,"v4l_qbuf, v4l_s_ext_ctrls, v4l_s_fmt, v4l_streamon","vdec_vp9_req_lat_if.c"
"v4l2_fill_pixfmt_mp","2_SubSystem",4,"v4l_qbuf, v4l_s_ext_ctrls, v4l_s_fmt, v4l_streamon","v4l2-common.c"
"v4l2_apply_frmsize_constraints","2_SubSystem",4,"v4l_qbuf, v4l_s_ext_ctrls, v4l_s_fmt, v4l_streamon","v4l2-common.c"
"v4l2_format_info","2_SubSystem",4,"v4l_qbuf, v4l_s_ext_ctrls, v4l_s_fmt, v4l_streamon","v4l2-common.c"
"__compiletime_assert_625","1_Driver",4,"v4l_qbuf, v4l_s_ext_ctrls, v4l_s_fmt, v4l_streamon","venc.c"
"__compiletime_assert_625","1_Driver",4,"v4l_qbuf, v4l_s_ext_ctrls, v4l_s_fmt, v4l_streamon","hantro_jpeg.c"
"__compiletime_assert_625","1_Driver",4,"v4l_qbuf, v4l_s_ext_ctrls, v4l_s_fmt, v4l_streamon","meson-ir.c"
"__compiletime_assert_625","1_Driver",4,"v4l_qbuf, v4l_s_ext_ctrls, v4l_s_fmt, v4l_streamon","gsc-core.c"
"__compiletime_assert_625","1_Driver",4,"v4l_qbuf, v4l_s_ext_ctrls, v4l_s_fmt, v4l_streamon","camss-csiphy.c"
"v4l2_m2m_buf_done","3_kernel",4,"v4l_qbuf, v4l_reqbufs, v4l_streamoff, v4l_streamon","v4l2-mem2mem.h"
"v4l2_m2m_mark_stopped","3_kernel",4,"v4l_qbuf, v4l_reqbufs, v4l_streamoff, v4l_streamon","v4l2-mem2mem.h"
"v4l2_m2m_last_buffer_done","2_SubSystem",4,"v4l_qbuf, v4l_reqbufs, v4l_streamoff, v4l_streamon","v4l2-mem2mem.c"
"v4l2_m2m_src_buf_remove","3_kernel",4,"v4l_qbuf, v4l_reqbufs, v4l_streamoff, v4l_streamon","v4l2-mem2mem.h"
"v4l2_m2m_dst_buf_remove","3_kernel",4,"v4l_qbuf, v4l_reqbufs, v4l_streamoff, v4l_streamon","v4l2-mem2mem.h"
"vb2_get_num_buffers","2_SubSystem",3,"v4l_qbuf, v4l_reqbufs, v4l_streamon","videobuf2-core.h"
"send_event","2_SubSystem",3,"v4l_qbuf, v4l_s_ext_ctrls, v4l_streamon","v4l2-ctrls-core.c"
"hantro_av1_s_ctrl","1_Driver",3,"v4l_qbuf, v4l_s_ext_ctrls, v4l_streamon","hantro_drv.c"
"hantro_av1_s_ctrl","2_SubSystem",3,"v4l_qbuf, v4l_s_ext_ctrls, v4l_streamon","hantro_drv.c"
"fill_event","2_SubSystem",3,"v4l_qbuf, v4l_s_ext_ctrls, v4l_streamon","v4l2-ctrls-core.c"
"hantro_hevc_s_ctrl","1_Driver",3,"v4l_qbuf, v4l_s_ext_ctrls, v4l_streamon","hantro_drv.c"
"hantro_hevc_s_ctrl","2_SubSystem",3,"v4l_qbuf, v4l_s_ext_ctrls, v4l_streamon","hantro_drv.c"
"hantro_vp9_s_ctrl","1_Driver",3,"v4l_qbuf, v4l_s_ext_ctrls, v4l_streamon","hantro_drv.c"
"hantro_vp9_s_ctrl","2_SubSystem",3,"v4l_qbuf, v4l_s_ext_ctrls, v4l_streamon","hantro_drv.c"
"hantro_jpeg_s_ctrl","1_Driver",3,"v4l_qbuf, v4l_s_ext_ctrls, v4l_streamon","hantro_drv.c"
"hantro_jpeg_s_ctrl","2_SubSystem",3,"v4l_qbuf, v4l_s_ext_ctrls, v4l_streamon","hantro_drv.c"
"hantro_try_ctrl","1_Driver",3,"v4l_qbuf, v4l_s_ext_ctrls, v4l_streamon","hantro_drv.c"
"new_to_cur","2_SubSystem",3,"v4l_qbuf, v4l_s_ext_ctrls, v4l_streamon","v4l2-ctrls-core.c"
"hantro_try_ctrl","2_SubSystem",3,"v4l_qbuf, v4l_s_ext_ctrls, v4l_streamon","hantro_drv.c"
"__compiletime_assert_506","2_SubSystem",3,"v4l_qbuf, v4l_s_ext_ctrls, v4l_streamon","v4l2-compat-ioctl32.c"
"__compiletime_assert_506","2_SubSystem",3,"v4l_qbuf, v4l_s_ext_ctrls, v4l_streamon","meson-ir.c"
"__vb2_dqbuf","2_SubSystem",3,"v4l_dqbuf, v4l_reqbufs, v4l_streamoff","videobuf2-core.c"
"__compiletime_assert_506","2_SubSystem",3,"v4l_qbuf, v4l_s_ext_ctrls, v4l_streamon","ao-cec-g12a.c"
"__compiletime_assert_506","2_SubSystem",3,"v4l_qbuf, v4l_s_ext_ctrls, v4l_streamon","mc-device.c"
"__compiletime_assert_506","2_SubSystem",3,"v4l_qbuf, v4l_s_ext_ctrls, v4l_streamon","ao-cec.c"
"v4l2_m2m_has_stopped","3_kernel",3,"v4l_qbuf, v4l_reqbufs, v4l_streamoff","v4l2-mem2mem.h"
"cluster_changed","2_SubSystem",3,"v4l_qbuf, v4l_s_ext_ctrls, v4l_streamon","v4l2-ctrls-core.c"
"__compiletime_assert_506","2_SubSystem",3,"v4l_qbuf, v4l_s_ext_ctrls, v4l_streamon","v4l2-ctrls-core.c"
"update_from_auto_cluster","2_SubSystem",3,"v4l_qbuf, v4l_s_ext_ctrls, v4l_streamon","v4l2-ctrls-core.c"
"__compiletime_assert_506","2_SubSystem",3,"v4l_qbuf, v4l_s_ext_ctrls, v4l_streamon","v4l2-h264.c"
"v4l2_buffer_set_timestamp","3_kernel",3,"v4l_dqbuf, v4l_qbuf, v4l_querybuf","v4l2-common.h"
"set_bit","3_kernel",3,"v4l_qbuf, v4l_reqbufs, v4l_streamon","instrumented-atomic.h"
"dma_buf_put","3_kernel",3,"v4l_qbuf, v4l_reqbufs, v4l_stub_expbuf","dma-buf.h"
"kmalloc_noprof","3_kernel",3,"v4l_qbuf, v4l_streamon, v4l_stub_expbuf","slab.h"
"snprintf","3_kernel",3,"v4l_enum_fmt, v4l_qbuf, v4l_streamon","stdio2.h"
"v4l2_ctrl_type_op_equal","2_SubSystem",3,"v4l_qbuf, v4l_s_ext_ctrls, v4l_streamon","v4l2-ctrls-core.c"
"sized_strscpy","3_kernel",3,"v4l_enum_fmt, v4l_query_ext_ctrl, v4l_querycap","string.h"
"__compiletime_assert_506","2_SubSystem",3,"v4l_qbuf, v4l_s_ext_ctrls, v4l_streamon","dvb_ca_en50221.c"
"strcmp","3_kernel",3,"v4l_qbuf, v4l_s_ext_ctrls, v4l_streamon","string.h"
"dma_alloc_attrs","3_kernel",3,"v4l_qbuf, v4l_reqbufs, v4l_streamon","dma-mapping.h"
"memcmp","3_kernel",3,"v4l_qbuf, v4l_s_ext_ctrls, v4l_streamon","string.h"
"__warn_printk","3_kernel",3,"v4l_enum_fmt, v4l_qbuf, v4l_streamon","bug.h"
"IS_ERR_OR_NULL","3_kernel",3,"v4l_qbuf, v4l_reqbufs, v4l_stub_expbuf","err.h"
"v4l2_m2m_adjust_mem_offset","2_SubSystem",3,"v4l_dqbuf, v4l_qbuf, v4l_querybuf","v4l2-mem2mem.c"
"bitmap_weight","3_kernel",3,"v4l_qbuf, v4l_reqbufs, v4l_streamon","bitmap.h"
"ERR_PTR","3_kernel",3,"v4l_qbuf, v4l_reqbufs, v4l_s_ext_ctrls","err.h"
"PTR_ERR","3_kernel",3,"v4l_qbuf, v4l_reqbufs, v4l_s_ext_ctrls","err.h"
"__compiletime_assert_506","2_SubSystem",3,"v4l_qbuf, v4l_s_ext_ctrls, v4l_streamon","objpool.h"
"__verify_planes_array","2_SubSystem",3,"v4l_dqbuf, v4l_qbuf, v4l_querybuf","videobuf2-v4l2.c"
"__fill_v4l2_buffer","2_SubSystem",3,"v4l_dqbuf, v4l_qbuf, v4l_querybuf","videobuf2-v4l2.c"
"is_new_manual","2_SubSystem",3,"v4l_qbuf, v4l_s_ext_ctrls, v4l_streamon","v4l2-ctrls-priv.h"
"is_cur_manual","2_SubSystem",3,"v4l_qbuf, v4l_s_ext_ctrls, v4l_streamon","v4l2-ctrls-priv.h"
"try_or_set_cluster","2_SubSystem",3,"v4l_qbuf, v4l_s_ext_ctrls, v4l_streamon","v4l2-ctrls-core.c"
"__compiletime_assert_626","2_SubSystem",2,"v4l_qbuf, v4l_streamon","meson-ir.c"
"__compiletime_assert_626","2_SubSystem",2,"v4l_qbuf, v4l_streamon","hantro_jpeg.c"
"__compiletime_assert_626","2_SubSystem",2,"v4l_qbuf, v4l_streamon","vdec_vp9_req_lat_if.c"
"__compiletime_assert_626","2_SubSystem",2,"v4l_qbuf, v4l_streamon","wave5-hw.c"
"__compiletime_assert_626","2_SubSystem",2,"v4l_qbuf, v4l_streamon","v4l2-subdev.c"
"__compiletime_assert_626","2_SubSystem",2,"v4l_qbuf, v4l_streamon","mtk_vcodec_dec_drv.c"
"__compiletime_assert_626","2_SubSystem",2,"v4l_qbuf, v4l_streamon","rcar_fdp1.c"
"__compiletime_assert_626","2_SubSystem",2,"v4l_qbuf, v4l_streamon","mtk_jpeg_core.c"
"__compiletime_assert_626","2_SubSystem",2,"v4l_qbuf, v4l_streamon","pagemap.h"
"__compiletime_assert_626","2_SubSystem",2,"v4l_qbuf, v4l_streamon","v4l2-rect.h"
"__compiletime_assert_626","2_SubSystem",2,"v4l_qbuf, v4l_streamon","core.h"
"__compiletime_assert_648","1_Driver",2,"v4l_qbuf, v4l_streamon","j721e-csi2rx.c"
"__compiletime_assert_648","1_Driver",2,"v4l_qbuf, v4l_streamon","rockchip_vpu981_hw_av1_dec.c"
"__compiletime_assert_648","1_Driver",2,"v4l_qbuf, v4l_streamon","wave5-hw.c"
"__compiletime_assert_648","1_Driver",2,"v4l_qbuf, v4l_streamon","vdec_vp9_if.c"
"__compiletime_assert_648","1_Driver",2,"v4l_qbuf, v4l_streamon","imx8-isi-pipe.c"
"__compiletime_assert_648","1_Driver",2,"v4l_qbuf, v4l_streamon","swap.h"
"__compiletime_assert_648","2_SubSystem",2,"v4l_qbuf, v4l_streamon","j721e-csi2rx.c"
"__compiletime_assert_648","2_SubSystem",2,"v4l_qbuf, v4l_streamon","rockchip_vpu981_hw_av1_dec.c"
"__compiletime_assert_648","2_SubSystem",2,"v4l_qbuf, v4l_streamon","wave5-hw.c"
"__compiletime_assert_648","2_SubSystem",2,"v4l_qbuf, v4l_streamon","vdec_vp9_if.c"
"__compiletime_assert_648","2_SubSystem",2,"v4l_qbuf, v4l_streamon","imx8-isi-pipe.c"
"__compiletime_assert_648","2_SubSystem",2,"v4l_qbuf, v4l_streamon","swap.h"
"__compiletime_assert_502","2_SubSystem",2,"v4l_qbuf, v4l_streamon","v4l2-compat-ioctl32.c"
"__compiletime_assert_502","2_SubSystem",2,"v4l_qbuf, v4l_streamon","meson-ir.c"
"__compiletime_assert_502","2_SubSystem",2,"v4l_qbuf, v4l_streamon","ao-cec-g12a.c"
"__compiletime_assert_502","2_SubSystem",2,"v4l_qbuf, v4l_streamon","ao-cec.c"
"__compiletime_assert_502","2_SubSystem",2,"v4l_qbuf, v4l_streamon","v4l2-h264.c"
"__compiletime_assert_502","2_SubSystem",2,"v4l_qbuf, v4l_streamon","cgroup-defs.h"
"frame_vector_pfns","3_kernel",2,"v4l_qbuf, v4l_reqbufs","frame_vector.h"
"frame_vector_pages","3_kernel",2,"v4l_qbuf, v4l_reqbufs","frame_vector.h"
"frame_vector_count","3_kernel",2,"v4l_qbuf, v4l_reqbufs","frame_vector.h"
"put_vaddr_frames","2_SubSystem",2,"v4l_qbuf, v4l_reqbufs","frame_vector.c"
"frame_vector_destroy","2_SubSystem",2,"v4l_qbuf, v4l_reqbufs","frame_vector.c"
"vb2_plane_size","2_SubSystem",2,"v4l_qbuf, v4l_streamon","videobuf2-core.h"
"vb2_get_plane_payload","2_SubSystem",2,"v4l_qbuf, v4l_streamon","videobuf2-core.h"
"vb2_set_plane_payload","2_SubSystem",2,"v4l_qbuf, v4l_streamon","videobuf2-core.h"
"vb2_queue_allows_cache_hints","2_SubSystem",2,"v4l_qbuf, v4l_reqbufs","videobuf2-core.h"
"vb2_plane_cookie","2_SubSystem",2,"v4l_qbuf, v4l_streamon","videobuf2-core.c"
"vb2_plane_vaddr","2_SubSystem",2,"v4l_qbuf, v4l_streamon","videobuf2-core.c"
"trace_vb2_buf_queue","3_kernel",2,"v4l_qbuf, v4l_streamon","vb2.h"
"__vb2_queue_cancel","2_SubSystem",2,"v4l_reqbufs, v4l_streamoff","videobuf2-core.c"
"vb2_start_streaming","2_SubSystem",2,"v4l_qbuf, v4l_streamon","videobuf2-core.c"
"__enqueue_in_driver","2_SubSystem",2,"v4l_qbuf, v4l_streamon","videobuf2-core.c"
"__vb2_buf_dmabuf_put","2_SubSystem",2,"v4l_qbuf, v4l_reqbufs","videobuf2-core.c"
"__vb2_plane_dmabuf_put","2_SubSystem",2,"v4l_qbuf, v4l_reqbufs","videobuf2-core.c"
"vb2_find_buffer","2_SubSystem",2,"v4l_qbuf, v4l_streamon","videobuf2-v4l2.c"
"vb2_dma_contig_plane_dma_addr","2_SubSystem",2,"v4l_qbuf, v4l_streamon","videobuf2-dma-contig.h"
"vb2_destroy_framevec","2_SubSystem",2,"v4l_qbuf, v4l_reqbufs","videobuf2-memops.c"
"vb2_dc_detach_dmabuf","2_SubSystem",2,"v4l_qbuf, v4l_reqbufs","videobuf2-dma-contig.c"
"vb2_dc_unmap_dmabuf","2_SubSystem",2,"v4l_qbuf, v4l_reqbufs","videobuf2-dma-contig.c"
"vb2_dc_put_userptr","2_SubSystem",2,"v4l_qbuf, v4l_reqbufs","videobuf2-dma-contig.c"
"vb2_dc_vaddr","2_SubSystem",2,"v4l_qbuf, v4l_streamon","videobuf2-dma-contig.c"
"vb2_dc_cookie","2_SubSystem",2,"v4l_qbuf, v4l_streamon","videobuf2-dma-contig.c"
"vb2_dma_sg_cookie","2_SubSystem",2,"v4l_qbuf, v4l_streamon","videobuf2-dma-sg.c"
"vb2_dma_sg_detach_dmabuf","2_SubSystem",2,"v4l_qbuf, v4l_reqbufs","videobuf2-dma-sg.c"
"vb2_dma_sg_unmap_dmabuf","2_SubSystem",2,"v4l_qbuf, v4l_reqbufs","videobuf2-dma-sg.c"
"vb2_dma_sg_vaddr","2_SubSystem",2,"v4l_qbuf, v4l_streamon","videobuf2-dma-sg.c"
"vb2_dma_sg_put_userptr","2_SubSystem",2,"v4l_qbuf, v4l_reqbufs","videobuf2-dma-sg.c"
"vb2_vmalloc_detach_dmabuf","2_SubSystem",2,"v4l_qbuf, v4l_reqbufs","videobuf2-vmalloc.c"
"vb2_vmalloc_unmap_dmabuf","2_SubSystem",2,"v4l_qbuf, v4l_reqbufs","videobuf2-vmalloc.c"
"vb2_vmalloc_vaddr","2_SubSystem",2,"v4l_qbuf, v4l_streamon","videobuf2-vmalloc.c"
"vb2_vmalloc_put_userptr","2_SubSystem",2,"v4l_qbuf, v4l_reqbufs","videobuf2-vmalloc.c"
"set_params","1_Driver",2,"v4l_qbuf, v4l_streamon","hantro_g1_h264_dec.c"
"set_params","1_Driver",2,"v4l_qbuf, v4l_streamon","hantro_g2_hevc_dec.c"
"set_params","1_Driver",2,"v4l_qbuf, v4l_streamon","rockchip_vpu2_hw_h264_dec.c"
"set_params","2_SubSystem",2,"v4l_qbuf, v4l_streamon","hantro_g1_h264_dec.c"
"set_params","2_SubSystem",2,"v4l_qbuf, v4l_streamon","hantro_g2_hevc_dec.c"
"set_params","2_SubSystem",2,"v4l_qbuf, v4l_streamon","rockchip_vpu2_hw_h264_dec.c"
"clk_bulk_disable","3_kernel",2,"v4l_qbuf, v4l_streamon","clk.h"
"clk_bulk_enable","3_kernel",2,"v4l_qbuf, v4l_streamon","clk.h"
"media_request_get_by_fd","3_kernel",2,"v4l_qbuf, v4l_s_ext_ctrls","mc-request.c"
"media_request_unlock_for_update","3_kernel",2,"v4l_qbuf, v4l_s_ext_ctrls","media-request.h"
"media_request_lock_for_update","3_kernel",2,"v4l_qbuf, v4l_s_ext_ctrls","media-request.h"
"v4l2_ctrl_request_setup","2_SubSystem",2,"v4l_qbuf, v4l_streamon","v4l2-ctrls-request.c"
"v4l2_ctrl_find","2_SubSystem",2,"v4l_qbuf, v4l_streamon","v4l2-ctrls-core.c"
"__compiletime_assert_628","1_Driver",2,"v4l_qbuf, v4l_streamon","mxc-jpeg.c"
"__compiletime_assert_628","1_Driver",2,"v4l_qbuf, v4l_streamon","imx7-media-csi.c"
"__compiletime_assert_628","1_Driver",2,"v4l_qbuf, v4l_streamon","vsp1_video.c"
"__compiletime_assert_628","1_Driver",2,"v4l_qbuf, v4l_streamon","uvc_isight.c"
"__compiletime_assert_628","1_Driver",2,"v4l_qbuf, v4l_streamon","j721e-csi2rx.c"
"__compiletime_assert_628","1_Driver",2,"v4l_qbuf, v4l_streamon","vdec_av1_req_lat_if.c"
"__compiletime_assert_628","1_Driver",2,"v4l_qbuf, v4l_streamon","camss-video.c"
"__compiletime_assert_628","1_Driver",2,"v4l_qbuf, v4l_streamon","rockchip_vpu981_hw_av1_dec.c"
"__compiletime_assert_628","1_Driver",2,"v4l_qbuf, v4l_streamon","venc.c"
"__compiletime_assert_628","1_Driver",2,"v4l_qbuf, v4l_streamon","imx8-isi-crossbar.c"
"__compiletime_assert_628","1_Driver",2,"v4l_qbuf, v4l_streamon","wave5-vpu-enc.c"
"__compiletime_assert_628","1_Driver",2,"v4l_qbuf, v4l_streamon","ov5640.c"
"__compiletime_assert_628","1_Driver",2,"v4l_qbuf, v4l_streamon","wave5-hw.c"
"__compiletime_assert_628","1_Driver",2,"v4l_qbuf, v4l_streamon","uvc_ctrl.c"
"__compiletime_assert_628","1_Driver",2,"v4l_qbuf, v4l_streamon","hantro_g1_vp8_dec.c"
"__compiletime_assert_628","1_Driver",2,"v4l_qbuf, v4l_streamon","rockchip_vpu2_hw_vp8_dec.c"
"__compiletime_assert_628","1_Driver",2,"v4l_qbuf, v4l_streamon","vsp1_uif.c"
"__compiletime_assert_628","1_Driver",2,"v4l_qbuf, v4l_streamon","vsp1_histo.c"
"__compiletime_assert_628","1_Driver",2,"v4l_qbuf, v4l_streamon","vsp1_rwpf.c"
"__compiletime_assert_628","1_Driver",2,"v4l_qbuf, v4l_streamon","vpu_helpers.c"
"__compiletime_assert_628","1_Driver",2,"v4l_qbuf, v4l_streamon","mtk_vcodec_dec.c"
"__compiletime_assert_628","1_Driver",2,"v4l_qbuf, v4l_streamon","rzg2l-ip.c"
"__compiletime_assert_628","1_Driver",2,"v4l_qbuf, v4l_streamon","uvc_v4l2.c"
"__compiletime_assert_628","1_Driver",2,"v4l_qbuf, v4l_streamon","imx8-isi-pipe.c"
"__compiletime_assert_628","1_Driver",2,"v4l_qbuf, v4l_streamon","vsp1_brx.c"
"__compiletime_assert_628","2_SubSystem",2,"v4l_qbuf, v4l_streamon","mxc-jpeg.c"
"__compiletime_assert_628","2_SubSystem",2,"v4l_qbuf, v4l_streamon","imx7-media-csi.c"
"__compiletime_assert_628","2_SubSystem",2,"v4l_qbuf, v4l_streamon","vsp1_video.c"
"__compiletime_assert_628","2_SubSystem",2,"v4l_qbuf, v4l_streamon","uvc_isight.c"
"__compiletime_assert_628","2_SubSystem",2,"v4l_qbuf, v4l_streamon","j721e-csi2rx.c"
"__compiletime_assert_628","2_SubSystem",2,"v4l_qbuf, v4l_streamon","vdec_av1_req_lat_if.c"
"__compiletime_assert_628","2_SubSystem",2,"v4l_qbuf, v4l_streamon","camss-video.c"
"__compiletime_assert_628","2_SubSystem",2,"v4l_qbuf, v4l_streamon","rockchip_vpu981_hw_av1_dec.c"
"__compiletime_assert_628","2_SubSystem",2,"v4l_qbuf, v4l_streamon","venc.c"
"__compiletime_assert_628","2_SubSystem",2,"v4l_qbuf, v4l_streamon","imx8-isi-crossbar.c"
"__compiletime_assert_628","2_SubSystem",2,"v4l_qbuf, v4l_streamon","wave5-vpu-enc.c"
"__compiletime_assert_628","2_SubSystem",2,"v4l_qbuf, v4l_streamon","ov5640.c"
"__compiletime_assert_628","2_SubSystem",2,"v4l_qbuf, v4l_streamon","wave5-hw.c"
"__compiletime_assert_628","2_SubSystem",2,"v4l_qbuf, v4l_streamon","uvc_ctrl.c"
"__compiletime_assert_628","2_SubSystem",2,"v4l_qbuf, v4l_streamon","hantro_g1_vp8_dec.c"
"__compiletime_assert_628","2_SubSystem",2,"v4l_qbuf, v4l_streamon","rockchip_vpu2_hw_vp8_dec.c"
"__compiletime_assert_628","2_SubSystem",2,"v4l_qbuf, v4l_streamon","vsp1_uif.c"
"__compiletime_assert_628","2_SubSystem",2,"v4l_qbuf, v4l_streamon","vsp1_histo.c"
"__compiletime_assert_628","2_SubSystem",2,"v4l_qbuf, v4l_streamon","vsp1_rwpf.c"
"__compiletime_assert_628","2_SubSystem",2,"v4l_qbuf, v4l_streamon","vpu_helpers.c"
"__compiletime_assert_628","2_SubSystem",2,"v4l_qbuf, v4l_streamon","mtk_vcodec_dec.c"
"__compiletime_assert_628","2_SubSystem",2,"v4l_qbuf, v4l_streamon","rzg2l-ip.c"
"__compiletime_assert_628","2_SubSystem",2,"v4l_qbuf, v4l_streamon","uvc_v4l2.c"
"__compiletime_assert_628","2_SubSystem",2,"v4l_qbuf, v4l_streamon","imx8-isi-pipe.c"
"__compiletime_assert_628","2_SubSystem",2,"v4l_qbuf, v4l_streamon","vsp1_brx.c"
"pm_runtime_put_autosuspend","3_kernel",2,"v4l_qbuf, v4l_streamon","pm_runtime.h"
"pm_runtime_resume_and_get","3_kernel",2,"v4l_qbuf, v4l_streamon","pm_runtime.h"
"pm_runtime_mark_last_busy","3_kernel",2,"v4l_qbuf, v4l_streamon","pm_runtime.h"
"dma_buf_vunmap_unlocked","3_kernel",2,"v4l_qbuf, v4l_reqbufs","dma-buf.h"
"dma_buf_vmap_unlocked","3_kernel",2,"v4l_qbuf, v4l_streamon","dma-buf.h"
"dma_buf_unmap_attachment_unlocked","3_kernel",2,"v4l_qbuf, v4l_reqbufs","dma-buf.h"
"dma_buf_detach","3_kernel",2,"v4l_qbuf, v4l_reqbufs","dma-buf.h"
"v4l2_m2m_buf_copy_metadata","2_SubSystem",2,"v4l_qbuf, v4l_streamon","v4l2-mem2mem.c"
"hantro_postproc_enable","1_Driver",2,"v4l_qbuf, v4l_streamon","hantro_postproc.c"
"pfn_valid","3_kernel",2,"v4l_qbuf, v4l_reqbufs","mmzone.h"
"scnprintf","3_kernel",2,"v4l_qbuf, v4l_streamon","sprintf.h"
"__cond_resched","3_kernel",2,"v4l_dqbuf, v4l_streamoff","kernel.h"
"__cond_resched","3_kernel",2,"v4l_dqbuf, v4l_streamoff","sched.h"
"find_first_zero_bit","3_kernel",2,"v4l_qbuf, v4l_streamon","find.h"
"find_next_zero_bit","3_kernel",2,"v4l_qbuf, v4l_streamon","find.h"
"find_next_bit","3_kernel",2,"v4l_qbuf, v4l_streamon","find.h"
"finish_wait","3_kernel",2,"v4l_dqbuf, v4l_streamoff","wait.h"
"prepare_to_wait_event","3_kernel",2,"v4l_dqbuf, v4l_streamoff","wait.h"
"init_wait_entry","3_kernel",2,"v4l_dqbuf, v4l_streamoff","wait.h"
"schedule","3_kernel",2,"v4l_dqbuf, v4l_streamoff","sched.h"
"msecs_to_jiffies","3_kernel",2,"v4l_qbuf, v4l_streamon","jiffies.h"
"schedule_delayed_work","3_kernel",2,"v4l_qbuf, v4l_streamon","workqueue.h"
"schedule_work","3_kernel",2,"v4l_qbuf, v4l_streamon","workqueue.h"
"cancel_delayed_work","3_kernel",2,"v4l_qbuf, v4l_streamon","workqueue.h"
"_dev_warn","3_kernel",2,"v4l_qbuf, v4l_streamon","dev_printk.h"
"_dev_err","3_kernel",2,"v4l_reqbufs, v4l_stub_expbuf","dev_printk.h"
"iounmap","3_kernel",2,"v4l_qbuf, v4l_reqbufs","io.h"
"writel_relaxed","3_kernel",2,"v4l_qbuf, v4l_streamon","io.h"
"writel","3_kernel",2,"v4l_qbuf, v4l_streamon","io.h"
"readl","3_kernel",2,"v4l_qbuf, v4l_streamon","io.h"
"set_page_dirty_lock","3_kernel",2,"v4l_qbuf, v4l_reqbufs","mm.h"
"unpin_user_pages","3_kernel",2,"v4l_qbuf, v4l_reqbufs","mm.h"
"__compiletime_assert_509","2_SubSystem",2,"v4l_qbuf, v4l_streamon","v4l2-compat-ioctl32.c"
"__compiletime_assert_509","2_SubSystem",2,"v4l_qbuf, v4l_streamon","meson-ir.c"
"__compiletime_assert_509","2_SubSystem",2,"v4l_qbuf, v4l_streamon","ao-cec-g12a.c"
"__compiletime_assert_509","2_SubSystem",2,"v4l_qbuf, v4l_streamon","v4l2-vp9.c"
"__compiletime_assert_509","2_SubSystem",2,"v4l_qbuf, v4l_streamon","ao-cec.c"
"__compiletime_assert_509","2_SubSystem",2,"v4l_qbuf, v4l_streamon","dvb_ca_en50221.c"
"__compiletime_assert_509","2_SubSystem",2,"v4l_qbuf, v4l_streamon","objpool.h"
"sg_alloc_table_from_pages","3_kernel",2,"v4l_qbuf, v4l_reqbufs","scatterlist.h"
"sg_free_table","3_kernel",2,"v4l_qbuf, v4l_reqbufs","scatterlist.h"
"dma_alloc_coherent","3_kernel",2,"v4l_qbuf, v4l_streamon","dma-mapping.h"
"dma_unmap_sgtable","3_kernel",2,"v4l_qbuf, v4l_reqbufs","dma-mapping.h"
"dma_vmap_noncontiguous","3_kernel",2,"v4l_qbuf, v4l_streamon","dma-mapping.h"
"dma_unmap_resource","3_kernel",2,"v4l_qbuf, v4l_reqbufs","dma-mapping.h"
"dma_map_sgtable","3_kernel",2,"v4l_qbuf, v4l_reqbufs","dma-mapping.h"
"vm_map_ram","3_kernel",2,"v4l_qbuf, v4l_streamon","vmalloc.h"
"vm_unmap_ram","3_kernel",2,"v4l_qbuf, v4l_reqbufs","vmalloc.h"
"__compiletime_assert_624","1_Driver",2,"v4l_qbuf, v4l_streamon","imx7-media-csi.c"
"__compiletime_assert_624","1_Driver",2,"v4l_qbuf, v4l_streamon","vsp1_video.c"
"__compiletime_assert_624","1_Driver",2,"v4l_qbuf, v4l_streamon","j721e-csi2rx.c"
"__compiletime_assert_624","1_Driver",2,"v4l_qbuf, v4l_streamon","vdec_av1_req_lat_if.c"
"__compiletime_assert_624","1_Driver",2,"v4l_qbuf, v4l_streamon","pm_helpers.c"
"__compiletime_assert_624","1_Driver",2,"v4l_qbuf, v4l_streamon","camss-video.c"
"__compiletime_assert_624","1_Driver",2,"v4l_qbuf, v4l_streamon","meson-ir.c"
"__compiletime_assert_624","1_Driver",2,"v4l_qbuf, v4l_streamon","hantro_jpeg.c"
"__compiletime_assert_624","1_Driver",2,"v4l_qbuf, v4l_streamon","rockchip_vpu981_hw_av1_dec.c"
"__compiletime_assert_624","1_Driver",2,"v4l_qbuf, v4l_streamon","imx8-isi-crossbar.c"
"__compiletime_assert_624","1_Driver",2,"v4l_qbuf, v4l_streamon","vdec_vp9_req_lat_if.c"
"__compiletime_assert_624","1_Driver",2,"v4l_qbuf, v4l_streamon","wave5-vpu-enc.c"
"__compiletime_assert_624","1_Driver",2,"v4l_qbuf, v4l_streamon","ov5640.c"
"__compiletime_assert_624","1_Driver",2,"v4l_qbuf, v4l_streamon","wave5-hw.c"
"__compiletime_assert_624","1_Driver",2,"v4l_qbuf, v4l_streamon","hantro_g1_vp8_dec.c"
"__compiletime_assert_624","1_Driver",2,"v4l_qbuf, v4l_streamon","vsp1_entity.c"
"__compiletime_assert_624","1_Driver",2,"v4l_qbuf, v4l_streamon","vsp1_sru.c"
"__compiletime_assert_624","1_Driver",2,"v4l_qbuf, v4l_streamon","vsp1_hsit.c"
"__compiletime_assert_624","1_Driver",2,"v4l_qbuf, v4l_streamon","rockchip_vpu2_hw_vp8_dec.c"
"__compiletime_assert_624","1_Driver",2,"v4l_qbuf, v4l_streamon","vsp1_uif.c"
"__compiletime_assert_624","1_Driver",2,"v4l_qbuf, v4l_streamon","vpu_malone.c"
"__compiletime_assert_624","1_Driver",2,"v4l_qbuf, v4l_streamon","vsp1_histo.c"
"__compiletime_assert_624","1_Driver",2,"v4l_qbuf, v4l_streamon","vsp1_rwpf.c"
"__compiletime_assert_624","1_Driver",2,"v4l_qbuf, v4l_streamon","imx8-isi-m2m.c"
"__compiletime_assert_624","1_Driver",2,"v4l_qbuf, v4l_streamon","vpu_helpers.c"
"__compiletime_assert_624","1_Driver",2,"v4l_qbuf, v4l_streamon","imx219.c"
"__compiletime_assert_624","1_Driver",2,"v4l_qbuf, v4l_streamon","mtk_vcodec_dec.c"
"__compiletime_assert_624","1_Driver",2,"v4l_qbuf, v4l_streamon","ov5647.c"
"__compiletime_assert_624","1_Driver",2,"v4l_qbuf, v4l_streamon","rkvdec2.c"
"__compiletime_assert_624","1_Driver",2,"v4l_qbuf, v4l_streamon","rzg2l-ip.c"
"__compiletime_assert_624","1_Driver",2,"v4l_qbuf, v4l_streamon","mtk_vcodec_dec_drv.c"
"__compiletime_assert_624","1_Driver",2,"v4l_qbuf, v4l_streamon","rcar_fdp1.c"
"__compiletime_assert_624","1_Driver",2,"v4l_qbuf, v4l_streamon","vpu_core.c"
"__compiletime_assert_624","1_Driver",2,"v4l_qbuf, v4l_streamon","imx8-isi-pipe.c"
"__compiletime_assert_624","1_Driver",2,"v4l_qbuf, v4l_streamon","vsp1_brx.c"
"__compiletime_assert_624","1_Driver",2,"v4l_qbuf, v4l_streamon","kvm_host.h"
"__compiletime_assert_624","1_Driver",2,"v4l_qbuf, v4l_streamon","control.h"
"__compiletime_assert_624","2_SubSystem",2,"v4l_qbuf, v4l_streamon","imx7-media-csi.c"
"__compiletime_assert_624","2_SubSystem",2,"v4l_qbuf, v4l_streamon","vsp1_video.c"
"__compiletime_assert_624","2_SubSystem",2,"v4l_qbuf, v4l_streamon","j721e-csi2rx.c"
"__compiletime_assert_624","2_SubSystem",2,"v4l_qbuf, v4l_streamon","vdec_av1_req_lat_if.c"
"__compiletime_assert_624","2_SubSystem",2,"v4l_qbuf, v4l_streamon","pm_helpers.c"
"__compiletime_assert_624","2_SubSystem",2,"v4l_qbuf, v4l_streamon","camss-video.c"
"__compiletime_assert_624","2_SubSystem",2,"v4l_qbuf, v4l_streamon","meson-ir.c"
"__compiletime_assert_624","2_SubSystem",2,"v4l_qbuf, v4l_streamon","hantro_jpeg.c"
"__compiletime_assert_624","2_SubSystem",2,"v4l_qbuf, v4l_streamon","rockchip_vpu981_hw_av1_dec.c"
"__compiletime_assert_624","2_SubSystem",2,"v4l_qbuf, v4l_streamon","imx8-isi-crossbar.c"
"__compiletime_assert_624","2_SubSystem",2,"v4l_qbuf, v4l_streamon","vdec_vp9_req_lat_if.c"
"__compiletime_assert_624","2_SubSystem",2,"v4l_qbuf, v4l_streamon","wave5-vpu-enc.c"
"__compiletime_assert_624","2_SubSystem",2,"v4l_qbuf, v4l_streamon","ov5640.c"
"__compiletime_assert_624","2_SubSystem",2,"v4l_qbuf, v4l_streamon","wave5-hw.c"
"__compiletime_assert_624","2_SubSystem",2,"v4l_qbuf, v4l_streamon","hantro_g1_vp8_dec.c"
"__compiletime_assert_624","2_SubSystem",2,"v4l_qbuf, v4l_streamon","vsp1_entity.c"
"__compiletime_assert_624","2_SubSystem",2,"v4l_qbuf, v4l_streamon","vsp1_sru.c"
"__compiletime_assert_624","2_SubSystem",2,"v4l_qbuf, v4l_streamon","vsp1_hsit.c"
"__compiletime_assert_624","2_SubSystem",2,"v4l_qbuf, v4l_streamon","rockchip_vpu2_hw_vp8_dec.c"
"__compiletime_assert_624","2_SubSystem",2,"v4l_qbuf, v4l_streamon","vsp1_uif.c"
"__compiletime_assert_624","2_SubSystem",2,"v4l_qbuf, v4l_streamon","vpu_malone.c"
"__compiletime_assert_624","2_SubSystem",2,"v4l_qbuf, v4l_streamon","vsp1_histo.c"
"__compiletime_assert_624","2_SubSystem",2,"v4l_qbuf, v4l_streamon","vsp1_rwpf.c"
"__compiletime_assert_624","2_SubSystem",2,"v4l_qbuf, v4l_streamon","imx8-isi-m2m.c"
"__compiletime_assert_624","2_SubSystem",2,"v4l_qbuf, v4l_streamon","vpu_helpers.c"
"__compiletime_assert_624","2_SubSystem",2,"v4l_qbuf, v4l_streamon","imx219.c"
"__compiletime_assert_624","2_SubSystem",2,"v4l_qbuf, v4l_streamon","mtk_vcodec_dec.c"
"__compiletime_assert_624","2_SubSystem",2,"v4l_qbuf, v4l_streamon","ov5647.c"
"__compiletime_assert_624","2_SubSystem",2,"v4l_qbuf, v4l_streamon","rkvdec2.c"
"__compiletime_assert_624","2_SubSystem",2,"v4l_qbuf, v4l_streamon","rzg2l-ip.c"
"__compiletime_assert_624","2_SubSystem",2,"v4l_qbuf, v4l_streamon","mtk_vcodec_dec_drv.c"
"__compiletime_assert_624","2_SubSystem",2,"v4l_qbuf, v4l_streamon","rcar_fdp1.c"
"__compiletime_assert_624","2_SubSystem",2,"v4l_qbuf, v4l_streamon","vpu_core.c"
"__compiletime_assert_624","2_SubSystem",2,"v4l_qbuf, v4l_streamon","imx8-isi-pipe.c"
"__compiletime_assert_624","2_SubSystem",2,"v4l_qbuf, v4l_streamon","vsp1_brx.c"
"__compiletime_assert_624","2_SubSystem",2,"v4l_qbuf, v4l_streamon","kvm_host.h"
"__compiletime_assert_624","2_SubSystem",2,"v4l_qbuf, v4l_streamon","control.h"
"__compiletime_assert_623","1_Driver",2,"v4l_qbuf, v4l_streamon","meson-ir.c"
"__compiletime_assert_623","1_Driver",2,"v4l_qbuf, v4l_streamon","hantro_jpeg.c"
"__compiletime_assert_623","1_Driver",2,"v4l_qbuf, v4l_streamon","venc.c"
"__compiletime_assert_623","1_Driver",2,"v4l_qbuf, v4l_streamon","vdec_vp9_req_lat_if.c"
"__compiletime_assert_623","1_Driver",2,"v4l_qbuf, v4l_streamon","wave5-hw.c"
"__compiletime_assert_623","1_Driver",2,"v4l_qbuf, v4l_streamon","vsp1_wpf.c"
"__compiletime_assert_623","1_Driver",2,"v4l_qbuf, v4l_streamon","wave5-vpu-dec.c"
"__compiletime_assert_623","1_Driver",2,"v4l_qbuf, v4l_streamon","v4l2-subdev.c"
"__compiletime_assert_623","1_Driver",2,"v4l_qbuf, v4l_streamon","mtk_vcodec_dec_drv.c"
"__compiletime_assert_623","1_Driver",2,"v4l_qbuf, v4l_streamon","kvm_host.h"
"__compiletime_assert_623","1_Driver",2,"v4l_qbuf, v4l_streamon","v4l2-rect.h"
"__compiletime_assert_623","1_Driver",2,"v4l_qbuf, v4l_streamon","control.h"
"__compiletime_assert_623","2_SubSystem",2,"v4l_qbuf, v4l_streamon","meson-ir.c"
"__compiletime_assert_623","2_SubSystem",2,"v4l_qbuf, v4l_streamon","hantro_jpeg.c"
"__compiletime_assert_623","2_SubSystem",2,"v4l_qbuf, v4l_streamon","venc.c"
"__compiletime_assert_623","2_SubSystem",2,"v4l_qbuf, v4l_streamon","vdec_vp9_req_lat_if.c"
"__compiletime_assert_623","2_SubSystem",2,"v4l_qbuf, v4l_streamon","wave5-hw.c"
"__compiletime_assert_623","2_SubSystem",2,"v4l_qbuf, v4l_streamon","vsp1_wpf.c"
"__compiletime_assert_623","2_SubSystem",2,"v4l_qbuf, v4l_streamon","wave5-vpu-dec.c"
"__compiletime_assert_623","2_SubSystem",2,"v4l_qbuf, v4l_streamon","v4l2-subdev.c"
"__compiletime_assert_623","2_SubSystem",2,"v4l_qbuf, v4l_streamon","mtk_vcodec_dec_drv.c"
"__compiletime_assert_623","2_SubSystem",2,"v4l_qbuf, v4l_streamon","kvm_host.h"
"__compiletime_assert_623","2_SubSystem",2,"v4l_qbuf, v4l_streamon","v4l2-rect.h"
"__compiletime_assert_623","2_SubSystem",2,"v4l_qbuf, v4l_streamon","control.h"
"__compiletime_assert_622","1_Driver",2,"v4l_qbuf, v4l_streamon","vsp1_uds.c"
"__compiletime_assert_622","1_Driver",2,"v4l_qbuf, v4l_streamon","meson-ir.c"
"__compiletime_assert_622","1_Driver",2,"v4l_qbuf, v4l_streamon","hantro_jpeg.c"
"__compiletime_assert_622","1_Driver",2,"v4l_qbuf, v4l_streamon","vdec_vp8_if.c"
"__compiletime_assert_622","1_Driver",2,"v4l_qbuf, v4l_streamon","wave5-hw.c"
"__compiletime_assert_622","1_Driver",2,"v4l_qbuf, v4l_streamon","rkvdec2-h264.c"
"__compiletime_assert_622","1_Driver",2,"v4l_qbuf, v4l_streamon","mtk_vcodec_dec_drv.c"
"__compiletime_assert_622","1_Driver",2,"v4l_qbuf, v4l_streamon","kvm_host.h"
"__compiletime_assert_622","1_Driver",2,"v4l_qbuf, v4l_streamon","control.h"
"__compiletime_assert_622","2_SubSystem",2,"v4l_qbuf, v4l_streamon","vsp1_uds.c"
"__compiletime_assert_622","2_SubSystem",2,"v4l_qbuf, v4l_streamon","meson-ir.c"
"__compiletime_assert_622","2_SubSystem",2,"v4l_qbuf, v4l_streamon","hantro_jpeg.c"
"__compiletime_assert_622","2_SubSystem",2,"v4l_qbuf, v4l_streamon","vdec_vp8_if.c"
"__compiletime_assert_622","2_SubSystem",2,"v4l_qbuf, v4l_streamon","wave5-hw.c"
"__compiletime_assert_622","2_SubSystem",2,"v4l_qbuf, v4l_streamon","rkvdec2-h264.c"
"__compiletime_assert_622","2_SubSystem",2,"v4l_qbuf, v4l_streamon","mtk_vcodec_dec_drv.c"
"__compiletime_assert_622","2_SubSystem",2,"v4l_qbuf, v4l_streamon","kvm_host.h"
"__compiletime_assert_622","2_SubSystem",2,"v4l_qbuf, v4l_streamon","control.h"
"__compiletime_assert_621","1_Driver",2,"v4l_qbuf, v4l_streamon","rcar_drif.c"
"__compiletime_assert_621","1_Driver",2,"v4l_qbuf, v4l_streamon","meson-ir.c"
"__compiletime_assert_621","1_Driver",2,"v4l_qbuf, v4l_streamon","hantro_jpeg.c"
"__compiletime_assert_621","1_Driver",2,"v4l_qbuf, v4l_streamon","vdec_vp8_if.c"
"__compiletime_assert_621","1_Driver",2,"v4l_qbuf, v4l_streamon","wave5-hw.c"
"__compiletime_assert_621","1_Driver",2,"v4l_qbuf, v4l_streamon","v4l2-common.c"
"__compiletime_assert_621","1_Driver",2,"v4l_qbuf, v4l_streamon","ov4689.c"
"__compiletime_assert_621","1_Driver",2,"v4l_qbuf, v4l_streamon","rzg2l-csi2.c"
"__compiletime_assert_621","1_Driver",2,"v4l_qbuf, v4l_streamon","imx219.c"
"__compiletime_assert_621","1_Driver",2,"v4l_qbuf, v4l_streamon","ov5647.c"
"__compiletime_assert_621","1_Driver",2,"v4l_qbuf, v4l_streamon","rkvdec2-h264.c"
"__compiletime_assert_621","1_Driver",2,"v4l_qbuf, v4l_streamon","ov7251.c"
"__compiletime_assert_621","1_Driver",2,"v4l_qbuf, v4l_streamon","kvm_host.h"
"__compiletime_assert_621","1_Driver",2,"v4l_qbuf, v4l_streamon","pci.h"
"__compiletime_assert_621","1_Driver",2,"v4l_qbuf, v4l_streamon","dma-fence.h"
"__compiletime_assert_621","1_Driver",2,"v4l_qbuf, v4l_streamon","control.h"
"__compiletime_assert_621","2_SubSystem",2,"v4l_qbuf, v4l_streamon","rcar_drif.c"
"__compiletime_assert_621","2_SubSystem",2,"v4l_qbuf, v4l_streamon","meson-ir.c"
"__compiletime_assert_621","2_SubSystem",2,"v4l_qbuf, v4l_streamon","hantro_jpeg.c"
"__compiletime_assert_621","2_SubSystem",2,"v4l_qbuf, v4l_streamon","vdec_vp8_if.c"
"__compiletime_assert_621","2_SubSystem",2,"v4l_qbuf, v4l_streamon","wave5-hw.c"
"__compiletime_assert_621","2_SubSystem",2,"v4l_qbuf, v4l_streamon","v4l2-common.c"
"__compiletime_assert_621","2_SubSystem",2,"v4l_qbuf, v4l_streamon","ov4689.c"
"__compiletime_assert_621","2_SubSystem",2,"v4l_qbuf, v4l_streamon","rzg2l-csi2.c"
"__compiletime_assert_621","2_SubSystem",2,"v4l_qbuf, v4l_streamon","imx219.c"
"__compiletime_assert_621","2_SubSystem",2,"v4l_qbuf, v4l_streamon","ov5647.c"
"__compiletime_assert_621","2_SubSystem",2,"v4l_qbuf, v4l_streamon","rkvdec2-h264.c"
"__compiletime_assert_621","2_SubSystem",2,"v4l_qbuf, v4l_streamon","ov7251.c"
"__compiletime_assert_621","2_SubSystem",2,"v4l_qbuf, v4l_streamon","kvm_host.h"
"__compiletime_assert_621","2_SubSystem",2,"v4l_qbuf, v4l_streamon","pci.h"
"__compiletime_assert_621","2_SubSystem",2,"v4l_qbuf, v4l_streamon","dma-fence.h"
"__compiletime_assert_621","2_SubSystem",2,"v4l_qbuf, v4l_streamon","control.h"
"__compiletime_assert_644","1_Driver",2,"v4l_qbuf, v4l_streamon","j721e-csi2rx.c"
"__compiletime_assert_644","1_Driver",2,"v4l_qbuf, v4l_streamon","camss-video.c"
"__compiletime_assert_644","1_Driver",2,"v4l_qbuf, v4l_streamon","rockchip_vpu981_hw_av1_dec.c"
"__compiletime_assert_644","1_Driver",2,"v4l_qbuf, v4l_streamon","venc.c"
"__compiletime_assert_644","1_Driver",2,"v4l_qbuf, v4l_streamon","wave5-hw.c"
"__compiletime_assert_644","1_Driver",2,"v4l_qbuf, v4l_streamon","vsp1_histo.c"
"__compiletime_assert_644","1_Driver",2,"v4l_qbuf, v4l_streamon","mtk_jpeg_core.c"
"__compiletime_assert_644","1_Driver",2,"v4l_qbuf, v4l_streamon","imx8-isi-pipe.c"
"__compiletime_assert_644","1_Driver",2,"v4l_qbuf, v4l_streamon","pagemap.h"
"__compiletime_assert_644","2_SubSystem",2,"v4l_qbuf, v4l_streamon","j721e-csi2rx.c"
"__compiletime_assert_644","2_SubSystem",2,"v4l_qbuf, v4l_streamon","camss-video.c"
"__compiletime_assert_644","2_SubSystem",2,"v4l_qbuf, v4l_streamon","rockchip_vpu981_hw_av1_dec.c"
"__compiletime_assert_644","2_SubSystem",2,"v4l_qbuf, v4l_streamon","venc.c"
"__compiletime_assert_644","2_SubSystem",2,"v4l_qbuf, v4l_streamon","wave5-hw.c"
"__compiletime_assert_644","2_SubSystem",2,"v4l_qbuf, v4l_streamon","vsp1_histo.c"
"__compiletime_assert_644","2_SubSystem",2,"v4l_qbuf, v4l_streamon","mtk_jpeg_core.c"
"__compiletime_assert_644","2_SubSystem",2,"v4l_qbuf, v4l_streamon","imx8-isi-pipe.c"
"__compiletime_assert_644","2_SubSystem",2,"v4l_qbuf, v4l_streamon","pagemap.h"
"__compiletime_assert_632","1_Driver",2,"v4l_qbuf, v4l_streamon","gsc-core.c"
"__compiletime_assert_632","1_Driver",2,"v4l_qbuf, v4l_streamon","j721e-csi2rx.c"
"__compiletime_assert_632","1_Driver",2,"v4l_qbuf, v4l_streamon","vdec_av1_req_lat_if.c"
"__compiletime_assert_632","1_Driver",2,"v4l_qbuf, v4l_streamon","camss-video.c"
"__compiletime_assert_632","1_Driver",2,"v4l_qbuf, v4l_streamon","rockchip_vpu981_hw_av1_dec.c"
"__compiletime_assert_632","1_Driver",2,"v4l_qbuf, v4l_streamon","venc.c"
"__compiletime_assert_632","1_Driver",2,"v4l_qbuf, v4l_streamon","wave5-vpu-enc.c"
"__compiletime_assert_632","1_Driver",2,"v4l_qbuf, v4l_streamon","mtk_vcodec_enc.c"
"__compiletime_assert_632","1_Driver",2,"v4l_qbuf, v4l_streamon","wave5-hw.c"
"__compiletime_assert_632","1_Driver",2,"v4l_qbuf, v4l_streamon","vsp1_uif.c"
"__compiletime_assert_632","1_Driver",2,"v4l_qbuf, v4l_streamon","vsp1_histo.c"
"__compiletime_assert_632","1_Driver",2,"v4l_qbuf, v4l_streamon","uvc_v4l2.c"
"__compiletime_assert_632","1_Driver",2,"v4l_qbuf, v4l_streamon","imx8-isi-pipe.c"
"__compiletime_assert_632","1_Driver",2,"v4l_qbuf, v4l_streamon","vsp1_brx.c"
"__compiletime_assert_632","1_Driver",2,"v4l_qbuf, v4l_streamon","pagemap.h"
"__compiletime_assert_632","1_Driver",2,"v4l_qbuf, v4l_streamon","v4l2-rect.h"
"__compiletime_assert_632","2_SubSystem",2,"v4l_qbuf, v4l_streamon","gsc-core.c"
"__compiletime_assert_632","2_SubSystem",2,"v4l_qbuf, v4l_streamon","j721e-csi2rx.c"
"__compiletime_assert_632","2_SubSystem",2,"v4l_qbuf, v4l_streamon","vdec_av1_req_lat_if.c"
"__compiletime_assert_632","2_SubSystem",2,"v4l_qbuf, v4l_streamon","camss-video.c"
"__compiletime_assert_632","2_SubSystem",2,"v4l_qbuf, v4l_streamon","rockchip_vpu981_hw_av1_dec.c"
"__compiletime_assert_632","2_SubSystem",2,"v4l_qbuf, v4l_streamon","venc.c"
"__compiletime_assert_632","2_SubSystem",2,"v4l_qbuf, v4l_streamon","wave5-vpu-enc.c"
"__compiletime_assert_632","2_SubSystem",2,"v4l_qbuf, v4l_streamon","mtk_vcodec_enc.c"
"__compiletime_assert_632","2_SubSystem",2,"v4l_qbuf, v4l_streamon","wave5-hw.c"
"__compiletime_assert_632","2_SubSystem",2,"v4l_qbuf, v4l_streamon","vsp1_uif.c"
"__compiletime_assert_632","2_SubSystem",2,"v4l_qbuf, v4l_streamon","vsp1_histo.c"
"__compiletime_assert_632","2_SubSystem",2,"v4l_qbuf, v4l_streamon","uvc_v4l2.c"
"__compiletime_assert_632","2_SubSystem",2,"v4l_qbuf, v4l_streamon","imx8-isi-pipe.c"
"__compiletime_assert_632","2_SubSystem",2,"v4l_qbuf, v4l_streamon","vsp1_brx.c"
"__compiletime_assert_632","2_SubSystem",2,"v4l_qbuf, v4l_streamon","pagemap.h"
"__compiletime_assert_632","2_SubSystem",2,"v4l_qbuf, v4l_streamon","v4l2-rect.h"
"__compiletime_assert_626","1_Driver",2,"v4l_qbuf, v4l_streamon","vsp1_uds.c"
"__compiletime_assert_626","1_Driver",2,"v4l_qbuf, v4l_streamon","uvc_status.c"
"__compiletime_assert_626","1_Driver",2,"v4l_qbuf, v4l_streamon","meson-ir.c"
"__compiletime_assert_626","1_Driver",2,"v4l_qbuf, v4l_streamon","hantro_jpeg.c"
"__compiletime_assert_626","1_Driver",2,"v4l_qbuf, v4l_streamon","vdec_vp9_req_lat_if.c"
"__compiletime_assert_626","1_Driver",2,"v4l_qbuf, v4l_streamon","wave5-hw.c"
"__compiletime_assert_626","1_Driver",2,"v4l_qbuf, v4l_streamon","v4l2-subdev.c"
"__compiletime_assert_626","1_Driver",2,"v4l_qbuf, v4l_streamon","mtk_vcodec_dec_drv.c"
"__compiletime_assert_626","1_Driver",2,"v4l_qbuf, v4l_streamon","rcar_fdp1.c"
"__compiletime_assert_626","1_Driver",2,"v4l_qbuf, v4l_streamon","mtk_jpeg_core.c"
"__compiletime_assert_626","1_Driver",2,"v4l_qbuf, v4l_streamon","pagemap.h"
"__compiletime_assert_626","1_Driver",2,"v4l_qbuf, v4l_streamon","v4l2-rect.h"
"__compiletime_assert_626","1_Driver",2,"v4l_qbuf, v4l_streamon","core.h"
"__compiletime_assert_626","2_SubSystem",2,"v4l_qbuf, v4l_streamon","vsp1_uds.c"
"__compiletime_assert_626","2_SubSystem",2,"v4l_qbuf, v4l_streamon","uvc_status.c"
"update_dpb","2_SubSystem",2,"v4l_qbuf, v4l_streamon","hantro_h264.c"
"dpb_entry_match","1_Driver",2,"v4l_qbuf, v4l_streamon","hantro_h264.c"
"dpb_entry_match","2_SubSystem",2,"v4l_qbuf, v4l_streamon","hantro_h264.c"
"prepare_table","1_Driver",2,"v4l_qbuf, v4l_streamon","hantro_h264.c"
"prepare_table","2_SubSystem",2,"v4l_qbuf, v4l_streamon","hantro_h264.c"
"assemble_scaling_list","1_Driver",2,"v4l_qbuf, v4l_streamon","hantro_h264.c"
"assemble_scaling_list","2_SubSystem",2,"v4l_qbuf, v4l_streamon","hantro_h264.c"
"hantro_hevc_validate_sps","1_Driver",2,"v4l_qbuf, v4l_streamon","hantro_hevc.c"
"hantro_hevc_validate_sps","2_SubSystem",2,"v4l_qbuf, v4l_streamon","hantro_hevc.c"
"tile_buffer_reallocate","1_Driver",2,"v4l_qbuf, v4l_streamon","hantro_hevc.c"
"tile_buffer_reallocate","2_SubSystem",2,"v4l_qbuf, v4l_streamon","hantro_hevc.c"
"jpeg_set_quality","1_Driver",2,"v4l_qbuf, v4l_streamon","hantro_jpeg.c"
"jpeg_set_quality","2_SubSystem",2,"v4l_qbuf, v4l_streamon","hantro_jpeg.c"
"jpeg_scale_quant_table","1_Driver",2,"v4l_qbuf, v4l_streamon","hantro_jpeg.c"
"jpeg_scale_quant_table","2_SubSystem",2,"v4l_qbuf, v4l_streamon","hantro_jpeg.c"
"jpeg_scale_qp","1_Driver",2,"v4l_qbuf, v4l_streamon","hantro_jpeg.c"
"jpeg_scale_qp","2_SubSystem",2,"v4l_qbuf, v4l_streamon","hantro_jpeg.c"
"hantro_postproc_g2_disable","1_Driver",2,"v4l_qbuf, v4l_streamon","hantro_postproc.c"
"hantro_postproc_g2_disable","2_SubSystem",2,"v4l_qbuf, v4l_streamon","hantro_postproc.c"
"hantro_postproc_g1_disable","1_Driver",2,"v4l_qbuf, v4l_streamon","hantro_postproc.c"
"hantro_postproc_g1_disable","2_SubSystem",2,"v4l_qbuf, v4l_streamon","hantro_postproc.c"
"hantro_postproc_alloc","1_Driver",2,"v4l_qbuf, v4l_streamon","hantro_postproc.c"
"hantro_postproc_alloc","2_SubSystem",2,"v4l_qbuf, v4l_streamon","hantro_postproc.c"
"hantro_postproc_buffer_size","1_Driver",2,"v4l_qbuf, v4l_streamon","hantro_postproc.c"
"hantro_postproc_buffer_size","2_SubSystem",2,"v4l_qbuf, v4l_streamon","hantro_postproc.c"
"hantro_postproc_g2_enable","1_Driver",2,"v4l_qbuf, v4l_streamon","hantro_postproc.c"
"hantro_postproc_g2_enable","2_SubSystem",2,"v4l_qbuf, v4l_streamon","hantro_postproc.c"
"down_scale_factor","1_Driver",2,"v4l_qbuf, v4l_streamon","hantro_postproc.c"
"down_scale_factor","2_SubSystem",2,"v4l_qbuf, v4l_streamon","hantro_postproc.c"
"hantro_postproc_g1_enable","1_Driver",2,"v4l_qbuf, v4l_streamon","hantro_postproc.c"
"hantro_postproc_g1_enable","2_SubSystem",2,"v4l_qbuf, v4l_streamon","hantro_postproc.c"
"hantro_buf_request_complete","1_Driver",2,"v4l_reqbufs, v4l_streamoff","hantro_v4l2.c"
"hantro_buf_request_complete","2_SubSystem",2,"v4l_reqbufs, v4l_streamoff","hantro_v4l2.c"
"hantro_stop_streaming","1_Driver",2,"v4l_reqbufs, v4l_streamoff","hantro_v4l2.c"
"hantro_stop_streaming","2_SubSystem",2,"v4l_reqbufs, v4l_streamoff","hantro_v4l2.c"
"hantro_return_bufs","1_Driver",2,"v4l_reqbufs, v4l_streamoff","hantro_v4l2.c"
"hantro_return_bufs","2_SubSystem",2,"v4l_reqbufs, v4l_streamoff","hantro_v4l2.c"
"hantro_start_streaming","1_Driver",2,"v4l_qbuf, v4l_streamon","hantro_v4l2.c"
"hantro_start_streaming","2_SubSystem",2,"v4l_qbuf, v4l_streamon","hantro_v4l2.c"
"hantro_buf_queue","1_Driver",2,"v4l_qbuf, v4l_streamon","hantro_v4l2.c"
"hantro_buf_queue","2_SubSystem",2,"v4l_qbuf, v4l_streamon","hantro_v4l2.c"
"init_v4l2_vp9_count_tbl","1_Driver",2,"v4l_qbuf, v4l_streamon","hantro_vp9.c"
"init_v4l2_vp9_count_tbl","2_SubSystem",2,"v4l_qbuf, v4l_streamon","hantro_vp9.c"
"get_eobs1","1_Driver",2,"v4l_qbuf, v4l_streamon","hantro_vp9.c"
"get_eobs1","2_SubSystem",2,"v4l_qbuf, v4l_streamon","hantro_vp9.c"
"get_coeffs_arr","1_Driver",2,"v4l_qbuf, v4l_streamon","hantro_vp9.c"
"get_coeffs_arr","2_SubSystem",2,"v4l_qbuf, v4l_streamon","hantro_vp9.c"
"hantro_vp9_tile_info_size","1_Driver",2,"v4l_qbuf, v4l_streamon","hantro_vp9.c"
"hantro_vp9_tile_info_size","2_SubSystem",2,"v4l_qbuf, v4l_streamon","hantro_vp9.c"
"hantro_vp9_count_tab_size","1_Driver",2,"v4l_qbuf, v4l_streamon","hantro_vp9.c"
"hantro_vp9_count_tab_size","2_SubSystem",2,"v4l_qbuf, v4l_streamon","hantro_vp9.c"
"hantro_vp9_prob_tab_size","1_Driver",2,"v4l_qbuf, v4l_streamon","hantro_vp9.c"
"hantro_vp9_prob_tab_size","2_SubSystem",2,"v4l_qbuf, v4l_streamon","hantro_vp9.c"
"hantro_vp9_segment_map_size","1_Driver",2,"v4l_qbuf, v4l_streamon","hantro_vp9.c"
"hantro_vp9_segment_map_size","2_SubSystem",2,"v4l_qbuf, v4l_streamon","hantro_vp9.c"
"hantro_vp9_bsd_control_size","1_Driver",2,"v4l_qbuf, v4l_streamon","hantro_vp9.c"
"hantro_vp9_bsd_control_size","2_SubSystem",2,"v4l_qbuf, v4l_streamon","hantro_vp9.c"
"hantro_vp9_tile_filter_size","1_Driver",2,"v4l_qbuf, v4l_streamon","hantro_vp9.c"
"hantro_vp9_tile_filter_size","2_SubSystem",2,"v4l_qbuf, v4l_streamon","hantro_vp9.c"
"imx8m_vpu_g1_reset","1_Driver",2,"v4l_qbuf, v4l_streamon","imx8m_vpu_hw.c"
"imx8m_vpu_g1_reset","2_SubSystem",2,"v4l_qbuf, v4l_streamon","imx8m_vpu_hw.c"
"imx8m_soft_reset","1_Driver",2,"v4l_qbuf, v4l_streamon","imx8m_vpu_hw.c"
"imx8m_soft_reset","2_SubSystem",2,"v4l_qbuf, v4l_streamon","imx8m_vpu_hw.c"
"rockchip_av1_get_q_ctx","1_Driver",2,"v4l_qbuf, v4l_streamon","rockchip_av1_entropymode.c"
"rockchip_av1_get_q_ctx","2_SubSystem",2,"v4l_qbuf, v4l_streamon","rockchip_av1_entropymode.c"
"rockchip_av1_get_random_number","1_Driver",2,"v4l_qbuf, v4l_streamon","rockchip_av1_filmgrain.c"
"rockchip_av1_get_random_number","2_SubSystem",2,"v4l_qbuf, v4l_streamon","rockchip_av1_filmgrain.c"
"rockchip_av1_update_random_register","1_Driver",2,"v4l_qbuf, v4l_streamon","rockchip_av1_filmgrain.c"
"rockchip_av1_update_random_register","2_SubSystem",2,"v4l_qbuf, v4l_streamon","rockchip_av1_filmgrain.c"
"rockchip_av1_init_random_generator","1_Driver",2,"v4l_qbuf, v4l_streamon","rockchip_av1_filmgrain.c"
"rockchip_av1_init_random_generator","2_SubSystem",2,"v4l_qbuf, v4l_streamon","rockchip_av1_filmgrain.c"
"round_power_of_two","1_Driver",2,"v4l_qbuf, v4l_streamon","rockchip_av1_filmgrain.c"
"round_power_of_two","2_SubSystem",2,"v4l_qbuf, v4l_streamon","rockchip_av1_filmgrain.c"
"clamp","1_Driver",2,"v4l_qbuf, v4l_streamon","rockchip_av1_filmgrain.c"
"clamp","2_SubSystem",2,"v4l_qbuf, v4l_streamon","rockchip_av1_filmgrain.c"
"rockchip_vpu2_jpeg_enc_set_qtable","1_Driver",2,"v4l_qbuf, v4l_streamon","rockchip_vpu2_hw_jpeg_enc.c"
"rockchip_vpu2_jpeg_enc_set_qtable","2_SubSystem",2,"v4l_qbuf, v4l_streamon","rockchip_vpu2_hw_jpeg_enc.c"
"rockchip_vpu2_jpeg_enc_set_buffers","1_Driver",2,"v4l_qbuf, v4l_streamon","rockchip_vpu2_hw_jpeg_enc.c"
"rockchip_vpu2_jpeg_enc_set_buffers","2_SubSystem",2,"v4l_qbuf, v4l_streamon","rockchip_vpu2_hw_jpeg_enc.c"
"rockchip_vpu2_set_src_img_ctrl","1_Driver",2,"v4l_qbuf, v4l_streamon","rockchip_vpu2_hw_jpeg_enc.c"
"rockchip_vpu2_set_src_img_ctrl","2_SubSystem",2,"v4l_qbuf, v4l_streamon","rockchip_vpu2_hw_jpeg_enc.c"
"rockchip_vpu2_mpeg2_dec_set_buffers","1_Driver",2,"v4l_qbuf, v4l_streamon","rockchip_vpu2_hw_mpeg2_dec.c"
"rockchip_vpu2_mpeg2_dec_set_buffers","2_SubSystem",2,"v4l_qbuf, v4l_streamon","rockchip_vpu2_hw_mpeg2_dec.c"
"rockchip_vpu2_mpeg2_dec_set_quantisation","1_Driver",2,"v4l_qbuf, v4l_streamon","rockchip_vpu2_hw_mpeg2_dec.c"
"rockchip_vpu2_mpeg2_dec_set_quantisation","2_SubSystem",2,"v4l_qbuf, v4l_streamon","rockchip_vpu2_hw_mpeg2_dec.c"
"rockchip_vpu981_postproc_disable","1_Driver",2,"v4l_qbuf, v4l_streamon","rockchip_vpu981_hw_av1_dec.c"
"rockchip_vpu981_postproc_disable","2_SubSystem",2,"v4l_qbuf, v4l_streamon","rockchip_vpu981_hw_av1_dec.c"
"rockchip_vpu981_postproc_enable","1_Driver",2,"v4l_qbuf, v4l_streamon","rockchip_vpu981_hw_av1_dec.c"
"rockchip_vpu981_postproc_enable","2_SubSystem",2,"v4l_qbuf, v4l_streamon","rockchip_vpu981_hw_av1_dec.c"
"rockchip_vpu981_av1_dec_set_output_buffer","1_Driver",2,"v4l_qbuf, v4l_streamon","rockchip_vpu981_hw_av1_dec.c"
"rockchip_vpu981_av1_dec_set_output_buffer","2_SubSystem",2,"v4l_qbuf, v4l_streamon","rockchip_vpu981_hw_av1_dec.c"
"rockchip_vpu981_av1_dec_set_input_buffer","1_Driver",2,"v4l_qbuf, v4l_streamon","rockchip_vpu981_hw_av1_dec.c"
"rockchip_vpu981_av1_dec_set_input_buffer","2_SubSystem",2,"v4l_qbuf, v4l_streamon","rockchip_vpu981_hw_av1_dec.c"
"rockchip_vpu981_av1_dec_set_parameters","1_Driver",2,"v4l_qbuf, v4l_streamon","rockchip_vpu981_hw_av1_dec.c"
"rockchip_vpu981_av1_dec_set_parameters","2_SubSystem",2,"v4l_qbuf, v4l_streamon","rockchip_vpu981_hw_av1_dec.c"
"rockchip_vpu981_av1_dec_set_reference_frames","1_Driver",2,"v4l_qbuf, v4l_streamon","rockchip_vpu981_hw_av1_dec.c"
"rockchip_vpu981_av1_dec_set_reference_frames","2_SubSystem",2,"v4l_qbuf, v4l_streamon","rockchip_vpu981_hw_av1_dec.c"
"rockchip_vpu981_av1_dec_set_other_frames","1_Driver",2,"v4l_qbuf, v4l_streamon","rockchip_vpu981_hw_av1_dec.c"
"rockchip_vpu981_av1_dec_set_other_frames","2_SubSystem",2,"v4l_qbuf, v4l_streamon","rockchip_vpu981_hw_av1_dec.c"
"rockchip_vpu981_av1_dec_set_picture_dimensions","1_Driver",2,"v4l_qbuf, v4l_streamon","rockchip_vpu981_hw_av1_dec.c"
"rockchip_vpu981_av1_dec_set_picture_dimensions","2_SubSystem",2,"v4l_qbuf, v4l_streamon","rockchip_vpu981_hw_av1_dec.c"
"rockchip_vpu981_av1_dec_set_superres_params","1_Driver",2,"v4l_qbuf, v4l_streamon","rockchip_vpu981_hw_av1_dec.c"
"rockchip_vpu981_av1_dec_set_superres_params","2_SubSystem",2,"v4l_qbuf, v4l_streamon","rockchip_vpu981_hw_av1_dec.c"
"rockchip_vpu981_av1_dec_set_lr","1_Driver",2,"v4l_qbuf, v4l_streamon","rockchip_vpu981_hw_av1_dec.c"
"rockchip_vpu981_av1_dec_set_lr","2_SubSystem",2,"v4l_qbuf, v4l_streamon","rockchip_vpu981_hw_av1_dec.c"
"rockchip_vpu981_av1_dec_set_cdef","1_Driver",2,"v4l_qbuf, v4l_streamon","rockchip_vpu981_hw_av1_dec.c"
"rockchip_vpu981_av1_dec_set_cdef","2_SubSystem",2,"v4l_qbuf, v4l_streamon","rockchip_vpu981_hw_av1_dec.c"
"rockchip_vpu981_av1_dec_set_fgs","1_Driver",2,"v4l_qbuf, v4l_streamon","rockchip_vpu981_hw_av1_dec.c"
"rockchip_vpu981_av1_dec_set_fgs","2_SubSystem",2,"v4l_qbuf, v4l_streamon","rockchip_vpu981_hw_av1_dec.c"
"rockchip_vpu981_av1_dec_init_scaling_function","1_Driver",2,"v4l_qbuf, v4l_streamon","rockchip_vpu981_hw_av1_dec.c"
"rockchip_vpu981_av1_dec_init_scaling_function","2_SubSystem",2,"v4l_qbuf, v4l_streamon","rockchip_vpu981_hw_av1_dec.c"
"rockchip_vpu981_av1_dec_set_prob","1_Driver",2,"v4l_qbuf, v4l_streamon","rockchip_vpu981_hw_av1_dec.c"
"rockchip_vpu981_av1_dec_set_prob","2_SubSystem",2,"v4l_qbuf, v4l_streamon","rockchip_vpu981_hw_av1_dec.c"
"rockchip_vpu981_av1_dec_update_prob","1_Driver",2,"v4l_qbuf, v4l_streamon","rockchip_vpu981_hw_av1_dec.c"
"rockchip_vpu981_av1_dec_update_prob","2_SubSystem",2,"v4l_qbuf, v4l_streamon","rockchip_vpu981_hw_av1_dec.c"
"rockchip_vpu981_av1_dec_set_loopfilter","1_Driver",2,"v4l_qbuf, v4l_streamon","rockchip_vpu981_hw_av1_dec.c"
"rockchip_vpu981_av1_dec_set_loopfilter","2_SubSystem",2,"v4l_qbuf, v4l_streamon","rockchip_vpu981_hw_av1_dec.c"
"rockchip_vpu981_av1_dec_is_lossless","1_Driver",2,"v4l_qbuf, v4l_streamon","rockchip_vpu981_hw_av1_dec.c"
"rockchip_vpu981_av1_dec_is_lossless","2_SubSystem",2,"v4l_qbuf, v4l_streamon","rockchip_vpu981_hw_av1_dec.c"
"rockchip_vpu981_av1_dec_set_segmentation","1_Driver",2,"v4l_qbuf, v4l_streamon","rockchip_vpu981_hw_av1_dec.c"
"rockchip_vpu981_av1_dec_set_segmentation","2_SubSystem",2,"v4l_qbuf, v4l_streamon","rockchip_vpu981_hw_av1_dec.c"
"rockchip_vpu981_av1_dec_set_sign_bias","1_Driver",2,"v4l_qbuf, v4l_streamon","rockchip_vpu981_hw_av1_dec.c"
"rockchip_vpu981_av1_dec_set_sign_bias","2_SubSystem",2,"v4l_qbuf, v4l_streamon","rockchip_vpu981_hw_av1_dec.c"
"rockchip_vpu981_av1_dec_set_ref","1_Driver",2,"v4l_qbuf, v4l_streamon","rockchip_vpu981_hw_av1_dec.c"
"rockchip_vpu981_av1_dec_set_ref","2_SubSystem",2,"v4l_qbuf, v4l_streamon","rockchip_vpu981_hw_av1_dec.c"
"rockchip_vpu981_av1_dec_set_frame_sign_bias","1_Driver",2,"v4l_qbuf, v4l_streamon","rockchip_vpu981_hw_av1_dec.c"
"rockchip_vpu981_av1_dec_set_frame_sign_bias","2_SubSystem",2,"v4l_qbuf, v4l_streamon","rockchip_vpu981_hw_av1_dec.c"
"rockchip_vpu981_av1_dec_get_dist","1_Driver",2,"v4l_qbuf, v4l_streamon","rockchip_vpu981_hw_av1_dec.c"
"rockchip_vpu981_av1_dec_get_dist","2_SubSystem",2,"v4l_qbuf, v4l_streamon","rockchip_vpu981_hw_av1_dec.c"
"rockchip_vpu981_av1_dec_set_tile_info","1_Driver",2,"v4l_qbuf, v4l_streamon","rockchip_vpu981_hw_av1_dec.c"
"rockchip_vpu981_av1_dec_set_tile_info","2_SubSystem",2,"v4l_qbuf, v4l_streamon","rockchip_vpu981_hw_av1_dec.c"
"rockchip_vpu981_av1_tile_log2","1_Driver",2,"v4l_qbuf, v4l_streamon","rockchip_vpu981_hw_av1_dec.c"
"rockchip_vpu981_av1_tile_log2","2_SubSystem",2,"v4l_qbuf, v4l_streamon","rockchip_vpu981_hw_av1_dec.c"
"rockchip_vpu981_av1_dec_set_global_model","1_Driver",2,"v4l_qbuf, v4l_streamon","rockchip_vpu981_hw_av1_dec.c"
"rockchip_vpu981_av1_dec_set_global_model","2_SubSystem",2,"v4l_qbuf, v4l_streamon","rockchip_vpu981_hw_av1_dec.c"
"rockchip_vpu981_av1_dec_get_shear_params","1_Driver",2,"v4l_qbuf, v4l_streamon","rockchip_vpu981_hw_av1_dec.c"
"rockchip_vpu981_av1_dec_get_shear_params","2_SubSystem",2,"v4l_qbuf, v4l_streamon","rockchip_vpu981_hw_av1_dec.c"
"rockchip_vpu981_av1_dec_resolve_divisor_32","1_Driver",2,"v4l_qbuf, v4l_streamon","rockchip_vpu981_hw_av1_dec.c"
"rockchip_vpu981_av1_dec_resolve_divisor_32","2_SubSystem",2,"v4l_qbuf, v4l_streamon","rockchip_vpu981_hw_av1_dec.c"
"rockchip_vpu981_av1_dec_get_msb","1_Driver",2,"v4l_qbuf, v4l_streamon","rockchip_vpu981_hw_av1_dec.c"
"rockchip_vpu981_av1_dec_get_msb","2_SubSystem",2,"v4l_qbuf, v4l_streamon","rockchip_vpu981_hw_av1_dec.c"
"rockchip_vpu981_av1_dec_prepare_run","1_Driver",2,"v4l_qbuf, v4l_streamon","rockchip_vpu981_hw_av1_dec.c"
"rockchip_vpu981_av1_dec_prepare_run","2_SubSystem",2,"v4l_qbuf, v4l_streamon","rockchip_vpu981_hw_av1_dec.c"
"rockchip_vpu981_av1_dec_tiles_reallocate","1_Driver",2,"v4l_qbuf, v4l_streamon","rockchip_vpu981_hw_av1_dec.c"
"rockchip_vpu981_av1_dec_tiles_reallocate","2_SubSystem",2,"v4l_qbuf, v4l_streamon","rockchip_vpu981_hw_av1_dec.c"
"rockchip_vpu981_av1_dec_chroma_size","1_Driver",2,"v4l_qbuf, v4l_streamon","rockchip_vpu981_hw_av1_dec.c"
"rockchip_vpu981_av1_dec_chroma_size","2_SubSystem",2,"v4l_qbuf, v4l_streamon","rockchip_vpu981_hw_av1_dec.c"
"rockchip_vpu981_av1_dec_luma_size","1_Driver",2,"v4l_qbuf, v4l_streamon","rockchip_vpu981_hw_av1_dec.c"
"rockchip_vpu981_av1_dec_luma_size","2_SubSystem",2,"v4l_qbuf, v4l_streamon","rockchip_vpu981_hw_av1_dec.c"
"rockchip_vpu981_av1_dec_clean_refs","1_Driver",2,"v4l_qbuf, v4l_streamon","rockchip_vpu981_hw_av1_dec.c"
"rockchip_vpu981_av1_dec_clean_refs","2_SubSystem",2,"v4l_qbuf, v4l_streamon","rockchip_vpu981_hw_av1_dec.c"
"rockchip_vpu981_av1_dec_frame_unref","1_Driver",2,"v4l_qbuf, v4l_streamon","rockchip_vpu981_hw_av1_dec.c"
"rockchip_vpu981_av1_dec_frame_unref","2_SubSystem",2,"v4l_qbuf, v4l_streamon","rockchip_vpu981_hw_av1_dec.c"
"rockchip_vpu981_av1_dec_frame_ref","1_Driver",2,"v4l_qbuf, v4l_streamon","rockchip_vpu981_hw_av1_dec.c"
"rockchip_vpu981_av1_dec_frame_ref","2_SubSystem",2,"v4l_qbuf, v4l_streamon","rockchip_vpu981_hw_av1_dec.c"
"rockchip_vpu981_get_order_hint","1_Driver",2,"v4l_qbuf, v4l_streamon","rockchip_vpu981_hw_av1_dec.c"
"rockchip_vpu981_get_order_hint","2_SubSystem",2,"v4l_qbuf, v4l_streamon","rockchip_vpu981_hw_av1_dec.c"
"rockchip_vpu981_get_frame_index","1_Driver",2,"v4l_qbuf, v4l_streamon","rockchip_vpu981_hw_av1_dec.c"
"rockchip_vpu981_get_frame_index","2_SubSystem",2,"v4l_qbuf, v4l_streamon","rockchip_vpu981_hw_av1_dec.c"
"rockchip_vpu2_enc_reset","1_Driver",2,"v4l_qbuf, v4l_streamon","rockchip_vpu_hw.c"
"rockchip_vpu2_enc_reset","2_SubSystem",2,"v4l_qbuf, v4l_streamon","rockchip_vpu_hw.c"
"rockchip_vpu2_dec_reset","1_Driver",2,"v4l_qbuf, v4l_streamon","rockchip_vpu_hw.c"
"rockchip_vpu2_dec_reset","2_SubSystem",2,"v4l_qbuf, v4l_streamon","rockchip_vpu_hw.c"
"rockchip_vpu1_enc_reset","1_Driver",2,"v4l_qbuf, v4l_streamon","rockchip_vpu_hw.c"
"rockchip_vpu1_enc_reset","2_SubSystem",2,"v4l_qbuf, v4l_streamon","rockchip_vpu_hw.c"
"rk3066_vpu_dec_reset","1_Driver",2,"v4l_qbuf, v4l_streamon","rockchip_vpu_hw.c"
"rk3066_vpu_dec_reset","2_SubSystem",2,"v4l_qbuf, v4l_streamon","rockchip_vpu_hw.c"
"stm32mp25_venc_reset","1_Driver",2,"v4l_qbuf, v4l_streamon","stm32mp25_vpu_hw.c"
"stm32mp25_venc_reset","2_SubSystem",2,"v4l_qbuf, v4l_streamon","stm32mp25_vpu_hw.c"
"sunxi_vpu_reset","1_Driver",2,"v4l_qbuf, v4l_streamon","sunxi_vpu_hw.c"
"sunxi_vpu_reset","2_SubSystem",2,"v4l_qbuf, v4l_streamon","sunxi_vpu_hw.c"
"__const_udelay","3_kernel",2,"v4l_qbuf, v4l_streamon","delay.h"
"__udelay","3_kernel",2,"v4l_qbuf, v4l_streamon","delay.h"
"__bad_udelay","3_kernel",2,"v4l_qbuf, v4l_streamon","delay.h"
"get_unaligned_be32","3_kernel",2,"v4l_qbuf, v4l_streamon","unaligned.h"
"req_to_new","2_SubSystem",2,"v4l_qbuf, v4l_streamon","v4l2-ctrls-core.c"
"sort_r","3_kernel",2,"v4l_qbuf, v4l_streamon","sort.h"
"v4l2_h264_build_p_ref_list","2_SubSystem",2,"v4l_qbuf, v4l_streamon","v4l2-h264.c"
"v4l2_h264_build_b_ref_lists","2_SubSystem",2,"v4l_qbuf, v4l_streamon","v4l2-h264.c"
"v4l2_h264_init_reflist_builder","2_SubSystem",2,"v4l_qbuf, v4l_streamon","v4l2-h264.c"
"print_ref_list_b","2_SubSystem",2,"v4l_qbuf, v4l_streamon","v4l2-h264.c"
"format_ref_list_b","2_SubSystem",2,"v4l_qbuf, v4l_streamon","v4l2-h264.c"
"print_ref_list_p","2_SubSystem",2,"v4l_qbuf, v4l_streamon","v4l2-h264.c"
"format_ref_list_p","2_SubSystem",2,"v4l_qbuf, v4l_streamon","v4l2-h264.c"
"ref_type_to_char","2_SubSystem",2,"v4l_qbuf, v4l_streamon","v4l2-h264.c"
"reorder_field_reflist","2_SubSystem",2,"v4l_qbuf, v4l_streamon","v4l2-h264.c"
"v4l2_h264_b1_ref_list_cmp","2_SubSystem",2,"v4l_qbuf, v4l_streamon","v4l2-h264.c"
"v4l2_h264_b0_ref_list_cmp","2_SubSystem",2,"v4l_qbuf, v4l_streamon","v4l2-h264.c"
"v4l2_h264_p_ref_list_cmp","2_SubSystem",2,"v4l_qbuf, v4l_streamon","v4l2-h264.c"
"v4l2_h264_get_poc","2_SubSystem",2,"v4l_qbuf, v4l_streamon","v4l2-h264.c"
"v4l_pix_format_touch","2_SubSystem",2,"v4l_g_fmt, v4l_s_fmt","v4l2-ioctl.c"
"_v4l2_m2m_job_finish","2_SubSystem",2,"v4l_qbuf, v4l_streamon","v4l2-mem2mem.c"
"v4l2_m2m_schedule_next_job","2_SubSystem",2,"v4l_qbuf, v4l_streamon","v4l2-mem2mem.c"
"__v4l2_m2m_try_queue","2_SubSystem",2,"v4l_qbuf, v4l_streamon","v4l2-mem2mem.c"
"v4l2_m2m_try_run","2_SubSystem",2,"v4l_qbuf, v4l_streamon","v4l2-mem2mem.c"
"v4l2_vp9_seg_feat_enabled","2_SubSystem",2,"v4l_qbuf, v4l_streamon","v4l2-vp9.c"
"v4l2_vp9_adapt_noncoef_probs","2_SubSystem",2,"v4l_qbuf, v4l_streamon","v4l2-vp9.c"
"v4l2_vp9_adapt_coef_probs","2_SubSystem",2,"v4l_qbuf, v4l_streamon","v4l2-vp9.c"
"v4l2_vp9_reset_frame_ctx","2_SubSystem",2,"v4l_qbuf, v4l_streamon","v4l2-vp9.c"
"v4l2_vp9_fw_update_probs","2_SubSystem",2,"v4l_qbuf, v4l_streamon","v4l2-vp9.c"
"adapt_prob","2_SubSystem",2,"v4l_qbuf, v4l_streamon","v4l2-vp9.c"
"adapt_probs_variant_g","2_SubSystem",2,"v4l_qbuf, v4l_streamon","v4l2-vp9.c"
"adapt_probs_variant_f","2_SubSystem",2,"v4l_qbuf, v4l_streamon","v4l2-vp9.c"
"adapt_probs_variant_e","2_SubSystem",2,"v4l_qbuf, v4l_streamon","v4l2-vp9.c"
"adapt_probs_variant_d","2_SubSystem",2,"v4l_qbuf, v4l_streamon","v4l2-vp9.c"
"adapt_probs_variant_c","2_SubSystem",2,"v4l_qbuf, v4l_streamon","v4l2-vp9.c"
"adapt_probs_variant_b","2_SubSystem",2,"v4l_qbuf, v4l_streamon","v4l2-vp9.c"
"_adapt_coef_probs","2_SubSystem",2,"v4l_qbuf, v4l_streamon","v4l2-vp9.c"
"_adapt_coeff","2_SubSystem",2,"v4l_qbuf, v4l_streamon","v4l2-vp9.c"
"adapt_probs_variant_b_coef","2_SubSystem",2,"v4l_qbuf, v4l_streamon","v4l2-vp9.c"
"adapt_probs_variant_a_coef","2_SubSystem",2,"v4l_qbuf, v4l_streamon","v4l2-vp9.c"
"merge_probs_variant_g","2_SubSystem",2,"v4l_qbuf, v4l_streamon","v4l2-vp9.c"
"merge_probs_variant_f","2_SubSystem",2,"v4l_qbuf, v4l_streamon","v4l2-vp9.c"
"merge_probs_variant_e","2_SubSystem",2,"v4l_qbuf, v4l_streamon","v4l2-vp9.c"
"merge_probs_variant_d","2_SubSystem",2,"v4l_qbuf, v4l_streamon","v4l2-vp9.c"
"merge_probs_variant_c","2_SubSystem",2,"v4l_qbuf, v4l_streamon","v4l2-vp9.c"
"merge_probs_variant_b","2_SubSystem",2,"v4l_qbuf, v4l_streamon","v4l2-vp9.c"
"merge_probs_variant_a","2_SubSystem",2,"v4l_qbuf, v4l_streamon","v4l2-vp9.c"
"noncoef_merge_prob","2_SubSystem",2,"v4l_qbuf, v4l_streamon","v4l2-vp9.c"
"merge_prob","2_SubSystem",2,"v4l_qbuf, v4l_streamon","v4l2-vp9.c"
"update_mv_probs","2_SubSystem",2,"v4l_qbuf, v4l_streamon","v4l2-vp9.c"
"update_mv_prob","2_SubSystem",2,"v4l_qbuf, v4l_streamon","v4l2-vp9.c"
"update_partition_probs","2_SubSystem",2,"v4l_qbuf, v4l_streamon","v4l2-vp9.c"
"update_y_mode_probs","2_SubSystem",2,"v4l_qbuf, v4l_streamon","v4l2-vp9.c"
"update_frame_reference_mode_probs","2_SubSystem",2,"v4l_qbuf, v4l_streamon","v4l2-vp9.c"
"update_is_inter_probs","2_SubSystem",2,"v4l_qbuf, v4l_streamon","v4l2-vp9.c"
"update_interp_filter_probs","2_SubSystem",2,"v4l_qbuf, v4l_streamon","v4l2-vp9.c"
"update_inter_mode_probs","2_SubSystem",2,"v4l_qbuf, v4l_streamon","v4l2-vp9.c"
"update_skip_probs","2_SubSystem",2,"v4l_qbuf, v4l_streamon","v4l2-vp9.c"
"update_coef_probs","2_SubSystem",2,"v4l_qbuf, v4l_streamon","v4l2-vp9.c"
"update_coeff","2_SubSystem",2,"v4l_qbuf, v4l_streamon","v4l2-vp9.c"
"update_tx_probs","2_SubSystem",2,"v4l_qbuf, v4l_streamon","v4l2-vp9.c"
"update_prob","2_SubSystem",2,"v4l_qbuf, v4l_streamon","v4l2-vp9.c"
"inv_recenter_nonneg","2_SubSystem",2,"v4l_qbuf, v4l_streamon","v4l2-vp9.c"
"fastdiv","2_SubSystem",2,"v4l_qbuf, v4l_streamon","v4l2-vp9.c"
"__fswab32","3_kernel",2,"v4l_qbuf, v4l_streamon","swab.h"
"fls","3_kernel",2,"v4l_qbuf, v4l_streamon","builtin-fls.h"
"atomic_inc","3_kernel",2,"v4l_qbuf, v4l_streamon","atomic-instrumented.h"
"atomic_set","3_kernel",2,"v4l_reqbufs, v4l_streamoff","atomic-instrumented.h"
"v4l2_m2m_get_dst_vq","3_kernel",2,"v4l_qbuf, v4l_streamon","v4l2-mem2mem.h"
"v4l2_m2m_next_dst_buf","3_kernel",2,"v4l_qbuf, v4l_streamon","v4l2-mem2mem.h"
"v4l2_m2m_next_src_buf","3_kernel",2,"v4l_qbuf, v4l_streamon","v4l2-mem2mem.h"
"v4l2_m2m_buf_queue","2_SubSystem",2,"v4l_qbuf, v4l_streamon","v4l2-mem2mem.c"
"v4l2_m2m_update_stop_streaming_state","2_SubSystem",2,"v4l_reqbufs, v4l_streamoff","v4l2-mem2mem.c"
"v4l2_m2m_update_start_streaming_state","2_SubSystem",2,"v4l_qbuf, v4l_streamon","v4l2-mem2mem.c"
"v4l2_m2m_is_last_draining_src_buf","3_kernel",2,"v4l_qbuf, v4l_streamon","v4l2-mem2mem.h"
"v4l2_m2m_dst_buf_is_last","3_kernel",2,"v4l_qbuf, v4l_streamon","v4l2-mem2mem.h"
"v4l2_m2m_clear_state","3_kernel",2,"v4l_reqbufs, v4l_streamoff","v4l2-mem2mem.h"
"v4l2_m2m_buf_done_and_job_finish","2_SubSystem",2,"v4l_qbuf, v4l_streamon","v4l2-mem2mem.c"
"v4l2_m2m_try_schedule","2_SubSystem",2,"v4l_qbuf, v4l_streamon","v4l2-mem2mem.c"
"v4l2_m2m_get_curr_priv","2_SubSystem",2,"v4l_qbuf, v4l_streamon","v4l2-mem2mem.c"
"device_run","1_Driver",2,"v4l_qbuf, v4l_streamon","hantro_drv.c"
"device_run","2_SubSystem",2,"v4l_qbuf, v4l_streamon","hantro_drv.c"
"reset_control_reset","3_kernel",2,"v4l_qbuf, v4l_streamon","reset.h"
"__compiletime_assert_663","1_Driver",2,"v4l_qbuf, v4l_streamon","rockchip_vpu981_hw_av1_dec.c"
"__compiletime_assert_663","1_Driver",2,"v4l_qbuf, v4l_streamon","wave5-hw.c"
"__compiletime_assert_663","2_SubSystem",2,"v4l_qbuf, v4l_streamon","rockchip_vpu981_hw_av1_dec.c"
"__compiletime_assert_663","2_SubSystem",2,"v4l_qbuf, v4l_streamon","wave5-hw.c"
"__compiletime_assert_659","1_Driver",2,"v4l_qbuf, v4l_streamon","rockchip_vpu981_hw_av1_dec.c"
"__compiletime_assert_659","1_Driver",2,"v4l_qbuf, v4l_streamon","wave5-hw.c"
"__compiletime_assert_659","2_SubSystem",2,"v4l_qbuf, v4l_streamon","rockchip_vpu981_hw_av1_dec.c"
"__compiletime_assert_659","2_SubSystem",2,"v4l_qbuf, v4l_streamon","wave5-hw.c"
"__compiletime_assert_656","1_Driver",2,"v4l_qbuf, v4l_streamon","rockchip_vpu981_hw_av1_dec.c"
"__compiletime_assert_656","1_Driver",2,"v4l_qbuf, v4l_streamon","wave5-hw.c"
"__compiletime_assert_656","2_SubSystem",2,"v4l_qbuf, v4l_streamon","rockchip_vpu981_hw_av1_dec.c"
"__compiletime_assert_656","2_SubSystem",2,"v4l_qbuf, v4l_streamon","wave5-hw.c"
"__compiletime_assert_652","1_Driver",2,"v4l_qbuf, v4l_streamon","j721e-csi2rx.c"
"__compiletime_assert_652","1_Driver",2,"v4l_qbuf, v4l_streamon","rockchip_vpu981_hw_av1_dec.c"
"__compiletime_assert_652","1_Driver",2,"v4l_qbuf, v4l_streamon","wave5-hw.c"
"__compiletime_assert_652","1_Driver",2,"v4l_qbuf, v4l_streamon","vdec_vp9_if.c"
"__compiletime_assert_652","1_Driver",2,"v4l_qbuf, v4l_streamon","imx8-isi-pipe.c"
"__compiletime_assert_652","2_SubSystem",2,"v4l_qbuf, v4l_streamon","j721e-csi2rx.c"
"__compiletime_assert_652","2_SubSystem",2,"v4l_qbuf, v4l_streamon","rockchip_vpu981_hw_av1_dec.c"
"__compiletime_assert_652","2_SubSystem",2,"v4l_qbuf, v4l_streamon","wave5-hw.c"
"__compiletime_assert_652","2_SubSystem",2,"v4l_qbuf, v4l_streamon","vdec_vp9_if.c"
"__compiletime_assert_652","2_SubSystem",2,"v4l_qbuf, v4l_streamon","imx8-isi-pipe.c"
"__compiletime_assert_640","1_Driver",2,"v4l_qbuf, v4l_streamon","j721e-csi2rx.c"
"__compiletime_assert_640","1_Driver",2,"v4l_qbuf, v4l_streamon","vdec_av1_req_lat_if.c"
"__compiletime_assert_640","1_Driver",2,"v4l_qbuf, v4l_streamon","camss-video.c"
"__compiletime_assert_640","1_Driver",2,"v4l_qbuf, v4l_streamon","rockchip_vpu981_hw_av1_dec.c"
"__compiletime_assert_640","1_Driver",2,"v4l_qbuf, v4l_streamon","wave5-hw.c"
"__compiletime_assert_640","1_Driver",2,"v4l_qbuf, v4l_streamon","vsp1_histo.c"
"__compiletime_assert_640","1_Driver",2,"v4l_qbuf, v4l_streamon","imx8-isi-pipe.c"
"__compiletime_assert_640","2_SubSystem",2,"v4l_qbuf, v4l_streamon","j721e-csi2rx.c"
"__compiletime_assert_640","2_SubSystem",2,"v4l_qbuf, v4l_streamon","vdec_av1_req_lat_if.c"
"__compiletime_assert_640","2_SubSystem",2,"v4l_qbuf, v4l_streamon","camss-video.c"
"__compiletime_assert_640","2_SubSystem",2,"v4l_qbuf, v4l_streamon","rockchip_vpu981_hw_av1_dec.c"
"__compiletime_assert_640","2_SubSystem",2,"v4l_qbuf, v4l_streamon","wave5-hw.c"
"__compiletime_assert_640","2_SubSystem",2,"v4l_qbuf, v4l_streamon","vsp1_histo.c"
"__compiletime_assert_640","2_SubSystem",2,"v4l_qbuf, v4l_streamon","imx8-isi-pipe.c"
"__compiletime_assert_636","1_Driver",2,"v4l_qbuf, v4l_streamon","j721e-csi2rx.c"
"__compiletime_assert_636","1_Driver",2,"v4l_qbuf, v4l_streamon","vdec_av1_req_lat_if.c"
"__compiletime_assert_636","1_Driver",2,"v4l_qbuf, v4l_streamon","camss-video.c"
"__compiletime_assert_636","1_Driver",2,"v4l_qbuf, v4l_streamon","rockchip_vpu981_hw_av1_dec.c"
"__compiletime_assert_636","1_Driver",2,"v4l_qbuf, v4l_streamon","vdec.c"
"__compiletime_assert_636","1_Driver",2,"v4l_qbuf, v4l_streamon","wave5-vpu-enc.c"
"__compiletime_assert_636","1_Driver",2,"v4l_qbuf, v4l_streamon","wave5-hw.c"
"__compiletime_assert_636","1_Driver",2,"v4l_qbuf, v4l_streamon","snps_hdmirx.c"
"__compiletime_assert_636","1_Driver",2,"v4l_qbuf, v4l_streamon","vsp1_histo.c"
"__compiletime_assert_636","1_Driver",2,"v4l_qbuf, v4l_streamon","imx8-isi-video.c"
"__compiletime_assert_636","1_Driver",2,"v4l_qbuf, v4l_streamon","imx8-isi-pipe.c"
"__compiletime_assert_636","1_Driver",2,"v4l_qbuf, v4l_streamon","vsp1_brx.c"
"__compiletime_assert_636","2_SubSystem",2,"v4l_qbuf, v4l_streamon","j721e-csi2rx.c"
"__compiletime_assert_636","2_SubSystem",2,"v4l_qbuf, v4l_streamon","vdec_av1_req_lat_if.c"
"__compiletime_assert_636","2_SubSystem",2,"v4l_qbuf, v4l_streamon","camss-video.c"
"__compiletime_assert_636","2_SubSystem",2,"v4l_qbuf, v4l_streamon","rockchip_vpu981_hw_av1_dec.c"
"__compiletime_assert_636","2_SubSystem",2,"v4l_qbuf, v4l_streamon","vdec.c"
"__compiletime_assert_636","2_SubSystem",2,"v4l_qbuf, v4l_streamon","wave5-vpu-enc.c"
"__compiletime_assert_636","2_SubSystem",2,"v4l_qbuf, v4l_streamon","wave5-hw.c"
"__compiletime_assert_636","2_SubSystem",2,"v4l_qbuf, v4l_streamon","snps_hdmirx.c"
"__compiletime_assert_636","2_SubSystem",2,"v4l_qbuf, v4l_streamon","vsp1_histo.c"
"__compiletime_assert_636","2_SubSystem",2,"v4l_qbuf, v4l_streamon","imx8-isi-video.c"
"__compiletime_assert_636","2_SubSystem",2,"v4l_qbuf, v4l_streamon","imx8-isi-pipe.c"
"__compiletime_assert_636","2_SubSystem",2,"v4l_qbuf, v4l_streamon","vsp1_brx.c"
"config_registers","1_Driver",2,"v4l_qbuf, v4l_streamon","hantro_g2_vp9_dec.c"
"config_registers","2_SubSystem",2,"v4l_qbuf, v4l_streamon","hantro_g2_vp9_dec.c"
"rockchip_av1_default_coeff_probs","1_Driver",2,"v4l_qbuf, v4l_streamon","rockchip_av1_entropymode.c"
"rockchip_av1_default_coeff_probs","2_SubSystem",2,"v4l_qbuf, v4l_streamon","rockchip_av1_entropymode.c"
"rockchip_av1_set_default_cdfs","1_Driver",2,"v4l_qbuf, v4l_streamon","rockchip_av1_entropymode.c"
"rockchip_av1_set_default_cdfs","2_SubSystem",2,"v4l_qbuf, v4l_streamon","rockchip_av1_entropymode.c"
"rockchip_av1_get_cdfs","1_Driver",2,"v4l_qbuf, v4l_streamon","rockchip_av1_entropymode.c"
"rockchip_av1_get_cdfs","2_SubSystem",2,"v4l_qbuf, v4l_streamon","rockchip_av1_entropymode.c"
"rockchip_av1_store_cdfs","1_Driver",2,"v4l_qbuf, v4l_streamon","rockchip_av1_entropymode.c"
"rockchip_av1_store_cdfs","2_SubSystem",2,"v4l_qbuf, v4l_streamon","rockchip_av1_entropymode.c"
"rockchip_av1_generate_chroma_grain_block","1_Driver",2,"v4l_qbuf, v4l_streamon","rockchip_av1_filmgrain.c"
"rockchip_av1_generate_chroma_grain_block","2_SubSystem",2,"v4l_qbuf, v4l_streamon","rockchip_av1_filmgrain.c"
"rockchip_av1_generate_luma_grain_block","1_Driver",2,"v4l_qbuf, v4l_streamon","rockchip_av1_filmgrain.c"
"rockchip_av1_generate_luma_grain_block","2_SubSystem",2,"v4l_qbuf, v4l_streamon","rockchip_av1_filmgrain.c"
"hantro_g2_check_idle","1_Driver",2,"v4l_qbuf, v4l_streamon","hantro_g2.c"
"hantro_g2_check_idle","2_SubSystem",2,"v4l_qbuf, v4l_streamon","hantro_g2.c"
"hantro_vp9_dec_init","1_Driver",2,"v4l_qbuf, v4l_streamon","hantro_vp9.c"
"hantro_vp9_dec_init","2_SubSystem",2,"v4l_qbuf, v4l_streamon","hantro_vp9.c"
"hantro_g2_vp9_dec_done","1_Driver",2,"v4l_qbuf, v4l_streamon","hantro_g2_vp9_dec.c"
"hantro_g2_vp9_dec_done","2_SubSystem",2,"v4l_qbuf, v4l_streamon","hantro_g2_vp9_dec.c"
"hantro_g2_vp9_dec_run","1_Driver",2,"v4l_qbuf, v4l_streamon","hantro_g2_vp9_dec.c"
"hantro_g2_vp9_dec_run","2_SubSystem",2,"v4l_qbuf, v4l_streamon","hantro_g2_vp9_dec.c"
"hantro_vp8_prob_update","1_Driver",2,"v4l_qbuf, v4l_streamon","hantro_vp8.c"
"hantro_vp8_prob_update","2_SubSystem",2,"v4l_qbuf, v4l_streamon","hantro_vp8.c"
"hantro_vp8_dec_init","1_Driver",2,"v4l_qbuf, v4l_streamon","hantro_vp8.c"
"hantro_vp8_dec_init","2_SubSystem",2,"v4l_qbuf, v4l_streamon","hantro_vp8.c"
"rockchip_vpu2_vp8_dec_run","1_Driver",2,"v4l_qbuf, v4l_streamon","rockchip_vpu2_hw_vp8_dec.c"
"rockchip_vpu2_vp8_dec_run","2_SubSystem",2,"v4l_qbuf, v4l_streamon","rockchip_vpu2_hw_vp8_dec.c"
"hantro_g1_vp8_dec_run","1_Driver",2,"v4l_qbuf, v4l_streamon","hantro_g1_vp8_dec.c"
"hantro_g1_vp8_dec_run","2_SubSystem",2,"v4l_qbuf, v4l_streamon","hantro_g1_vp8_dec.c"
"hantro_mpeg2_dec_init","1_Driver",2,"v4l_qbuf, v4l_streamon","hantro_mpeg2.c"
"hantro_mpeg2_dec_init","2_SubSystem",2,"v4l_qbuf, v4l_streamon","hantro_mpeg2.c"
"hantro_mpeg2_dec_copy_qtable","1_Driver",2,"v4l_qbuf, v4l_streamon","hantro_mpeg2.c"
"hantro_mpeg2_dec_copy_qtable","2_SubSystem",2,"v4l_qbuf, v4l_streamon","hantro_mpeg2.c"
"rockchip_vpu2_mpeg2_dec_run","1_Driver",2,"v4l_qbuf, v4l_streamon","rockchip_vpu2_hw_mpeg2_dec.c"
"rockchip_vpu2_mpeg2_dec_run","2_SubSystem",2,"v4l_qbuf, v4l_streamon","rockchip_vpu2_hw_mpeg2_dec.c"
"hantro_g1_mpeg2_dec_run","1_Driver",2,"v4l_qbuf, v4l_streamon","hantro_g1_mpeg2_dec.c"
"hantro_g1_mpeg2_dec_run","2_SubSystem",2,"v4l_qbuf, v4l_streamon","hantro_g1_mpeg2_dec.c"
"hantro_g2_chroma_compress_offset","1_Driver",2,"v4l_qbuf, v4l_streamon","hantro_g2.c"
"hantro_g2_chroma_compress_offset","2_SubSystem",2,"v4l_qbuf, v4l_streamon","hantro_g2.c"
"hantro_g2_luma_compress_offset","1_Driver",2,"v4l_qbuf, v4l_streamon","hantro_g2.c"
"hantro_g2_luma_compress_offset","2_SubSystem",2,"v4l_qbuf, v4l_streamon","hantro_g2.c"
"hantro_g2_motion_vectors_offset","1_Driver",2,"v4l_qbuf, v4l_streamon","hantro_g2.c"
"hantro_g2_motion_vectors_offset","2_SubSystem",2,"v4l_qbuf, v4l_streamon","hantro_g2.c"
"hantro_g2_chroma_offset","1_Driver",2,"v4l_qbuf, v4l_streamon","hantro_g2.c"
"hantro_g2_chroma_offset","2_SubSystem",2,"v4l_qbuf, v4l_streamon","hantro_g2.c"
"hantro_hevc_compressed_size","1_Driver",2,"v4l_qbuf, v4l_streamon","hantro_hw.h"
"hantro_hevc_compressed_size","2_SubSystem",2,"v4l_qbuf, v4l_streamon","hantro_hw.h"
"hantro_hevc_chroma_compressed_size","1_Driver",2,"v4l_qbuf, v4l_streamon","hantro_hw.h"
"hantro_hevc_chroma_compressed_size","2_SubSystem",2,"v4l_qbuf, v4l_streamon","hantro_hw.h"
"hantro_hevc_luma_compressed_size","1_Driver",2,"v4l_qbuf, v4l_streamon","hantro_hw.h"
"hantro_hevc_luma_compressed_size","2_SubSystem",2,"v4l_qbuf, v4l_streamon","hantro_hw.h"
"rockchip_vpu981_av1_dec_done","1_Driver",2,"v4l_qbuf, v4l_streamon","rockchip_vpu981_hw_av1_dec.c"
"rockchip_vpu981_av1_dec_done","2_SubSystem",2,"v4l_qbuf, v4l_streamon","rockchip_vpu981_hw_av1_dec.c"
"rockchip_vpu981_av1_dec_run","1_Driver",2,"v4l_qbuf, v4l_streamon","rockchip_vpu981_hw_av1_dec.c"
"rockchip_vpu981_av1_dec_run","2_SubSystem",2,"v4l_qbuf, v4l_streamon","rockchip_vpu981_hw_av1_dec.c"
"rockchip_vpu981_av1_dec_init","1_Driver",2,"v4l_qbuf, v4l_streamon","rockchip_vpu981_hw_av1_dec.c"
"rockchip_vpu981_av1_dec_init","2_SubSystem",2,"v4l_qbuf, v4l_streamon","rockchip_vpu981_hw_av1_dec.c"
"hantro_hevc_add_ref_buf","1_Driver",2,"v4l_qbuf, v4l_streamon","hantro_hevc.c"
"hantro_hevc_add_ref_buf","2_SubSystem",2,"v4l_qbuf, v4l_streamon","hantro_hevc.c"
"hantro_hevc_get_ref_buf","1_Driver",2,"v4l_qbuf, v4l_streamon","hantro_hevc.c"
"hantro_hevc_get_ref_buf","2_SubSystem",2,"v4l_qbuf, v4l_streamon","hantro_hevc.c"
"hantro_hevc_ref_init","1_Driver",2,"v4l_qbuf, v4l_streamon","hantro_hevc.c"
"hantro_hevc_ref_init","2_SubSystem",2,"v4l_qbuf, v4l_streamon","hantro_hevc.c"
"hantro_hevc_dec_prepare_run","1_Driver",2,"v4l_qbuf, v4l_streamon","hantro_hevc.c"
"hantro_hevc_dec_prepare_run","2_SubSystem",2,"v4l_qbuf, v4l_streamon","hantro_hevc.c"
"hantro_g2_hevc_dec_run","1_Driver",2,"v4l_qbuf, v4l_streamon","hantro_g2_hevc_dec.c"
"hantro_g2_hevc_dec_run","2_SubSystem",2,"v4l_qbuf, v4l_streamon","hantro_g2_hevc_dec.c"
"hantro_hevc_dec_init","1_Driver",2,"v4l_qbuf, v4l_streamon","hantro_hevc.c"
"hantro_hevc_dec_init","2_SubSystem",2,"v4l_qbuf, v4l_streamon","hantro_hevc.c"
"hantro_h264_dec_init","1_Driver",2,"v4l_qbuf, v4l_streamon","hantro_h264.c"
"hantro_h264_dec_init","2_SubSystem",2,"v4l_qbuf, v4l_streamon","hantro_h264.c"
"hantro_g1_h264_dec_run","1_Driver",2,"v4l_qbuf, v4l_streamon","hantro_g1_h264_dec.c"
"hantro_g1_h264_dec_run","2_SubSystem",2,"v4l_qbuf, v4l_streamon","hantro_g1_h264_dec.c"
"rockchip_vpu2_h264_dec_run","1_Driver",2,"v4l_qbuf, v4l_streamon","rockchip_vpu2_hw_h264_dec.c"
"rockchip_vpu2_h264_dec_run","2_SubSystem",2,"v4l_qbuf, v4l_streamon","rockchip_vpu2_hw_h264_dec.c"
"hantro_h264_dec_prepare_run","1_Driver",2,"v4l_qbuf, v4l_streamon","hantro_h264.c"
"hantro_h264_dec_prepare_run","2_SubSystem",2,"v4l_qbuf, v4l_streamon","hantro_h264.c"
"hantro_h264_get_ref_nbr","1_Driver",2,"v4l_qbuf, v4l_streamon","hantro_h264.c"
"hantro_h264_get_ref_nbr","2_SubSystem",2,"v4l_qbuf, v4l_streamon","hantro_h264.c"
"hantro_h264_get_ref_buf","1_Driver",2,"v4l_qbuf, v4l_streamon","hantro_h264.c"
"hantro_h264_get_ref_buf","2_SubSystem",2,"v4l_qbuf, v4l_streamon","hantro_h264.c"
"rockchip_vpu2_jpeg_enc_done","1_Driver",2,"v4l_qbuf, v4l_streamon","rockchip_vpu2_hw_jpeg_enc.c"
"rockchip_vpu2_jpeg_enc_done","2_SubSystem",2,"v4l_qbuf, v4l_streamon","rockchip_vpu2_hw_jpeg_enc.c"
"hantro_h1_jpeg_enc_done","1_Driver",2,"v4l_qbuf, v4l_streamon","hantro_h1_jpeg_enc.c"
"hantro_h1_jpeg_enc_done","2_SubSystem",2,"v4l_qbuf, v4l_streamon","hantro_h1_jpeg_enc.c"
"rockchip_vpu2_jpeg_enc_run","1_Driver",2,"v4l_qbuf, v4l_streamon","rockchip_vpu2_hw_jpeg_enc.c"
"rockchip_vpu2_jpeg_enc_run","2_SubSystem",2,"v4l_qbuf, v4l_streamon","rockchip_vpu2_hw_jpeg_enc.c"
"hantro_h1_jpeg_enc_run","1_Driver",2,"v4l_qbuf, v4l_streamon","hantro_h1_jpeg_enc.c"
"hantro_h1_jpeg_enc_run","2_SubSystem",2,"v4l_qbuf, v4l_streamon","hantro_h1_jpeg_enc.c"
"hantro_g1_reset","1_Driver",2,"v4l_qbuf, v4l_streamon","hantro_g1.c"
"hantro_g1_reset","2_SubSystem",2,"v4l_qbuf, v4l_streamon","hantro_g1.c"
"hantro_end_prepare_run","1_Driver",2,"v4l_qbuf, v4l_streamon","hantro_drv.c"
"hantro_end_prepare_run","2_SubSystem",2,"v4l_qbuf, v4l_streamon","hantro_drv.c"
"hantro_start_prepare_run","1_Driver",2,"v4l_qbuf, v4l_streamon","hantro_drv.c"
"hantro_start_prepare_run","2_SubSystem",2,"v4l_qbuf, v4l_streamon","hantro_drv.c"
"hantro_irq_done","1_Driver",2,"v4l_qbuf, v4l_streamon","hantro_drv.c"
"hantro_irq_done","2_SubSystem",2,"v4l_qbuf, v4l_streamon","hantro_drv.c"
"hantro_postproc_free","1_Driver",2,"v4l_reqbufs, v4l_streamoff","hantro_postproc.c"
"hantro_postproc_free","2_SubSystem",2,"v4l_reqbufs, v4l_streamoff","hantro_postproc.c"
"hantro_postproc_init","1_Driver",2,"v4l_qbuf, v4l_streamon","hantro_postproc.c"
"hantro_postproc_init","2_SubSystem",2,"v4l_qbuf, v4l_streamon","hantro_postproc.c"
"hantro_postproc_enable","2_SubSystem",2,"v4l_qbuf, v4l_streamon","hantro_postproc.c"
"hantro_postproc_disable","1_Driver",2,"v4l_qbuf, v4l_streamon","hantro_postproc.c"
"hantro_postproc_disable","2_SubSystem",2,"v4l_qbuf, v4l_streamon","hantro_postproc.c"
"vb2_to_hantro_decoded_buf","1_Driver",2,"v4l_qbuf, v4l_streamon","hantro.h"
"vb2_to_hantro_decoded_buf","2_SubSystem",2,"v4l_qbuf, v4l_streamon","hantro.h"
"hantro_get_dec_buf_addr","1_Driver",2,"v4l_qbuf, v4l_streamon","hantro.h"
"hantro_get_dec_buf_addr","2_SubSystem",2,"v4l_qbuf, v4l_streamon","hantro.h"
"hantro_postproc_get_dec_buf_addr","1_Driver",2,"v4l_qbuf, v4l_streamon","hantro_postproc.c"
"hantro_postproc_get_dec_buf_addr","2_SubSystem",2,"v4l_qbuf, v4l_streamon","hantro_postproc.c"
"hantro_get_dst_buf","1_Driver",2,"v4l_qbuf, v4l_streamon","hantro.h"
"hantro_get_dst_buf","2_SubSystem",2,"v4l_qbuf, v4l_streamon","hantro.h"
"hantro_get_src_buf","1_Driver",2,"v4l_qbuf, v4l_streamon","hantro.h"
"hantro_get_src_buf","2_SubSystem",2,"v4l_qbuf, v4l_streamon","hantro.h"
"hantro_reg_write","1_Driver",2,"v4l_qbuf, v4l_streamon","hantro.h"
"hantro_reg_write","2_SubSystem",2,"v4l_qbuf, v4l_streamon","hantro.h"
"vdpu_read_mask","1_Driver",2,"v4l_qbuf, v4l_streamon","hantro.h"
"vdpu_read_mask","2_SubSystem",2,"v4l_qbuf, v4l_streamon","hantro.h"
"vdpu_read","1_Driver",2,"v4l_qbuf, v4l_streamon","hantro.h"
"vdpu_read","2_SubSystem",2,"v4l_qbuf, v4l_streamon","hantro.h"
"hantro_write_addr","1_Driver",2,"v4l_qbuf, v4l_streamon","hantro.h"
"hantro_write_addr","2_SubSystem",2,"v4l_qbuf, v4l_streamon","hantro.h"
"vdpu_write","1_Driver",2,"v4l_qbuf, v4l_streamon","hantro.h"
"vdpu_write","2_SubSystem",2,"v4l_qbuf, v4l_streamon","hantro.h"
"vdpu_write_relaxed","1_Driver",2,"v4l_qbuf, v4l_streamon","hantro.h"
"vdpu_write_relaxed","2_SubSystem",2,"v4l_qbuf, v4l_streamon","hantro.h"
"vepu_read","1_Driver",2,"v4l_qbuf, v4l_streamon","hantro.h"
"vepu_read","2_SubSystem",2,"v4l_qbuf, v4l_streamon","hantro.h"
"vepu_write","1_Driver",2,"v4l_qbuf, v4l_streamon","hantro.h"
"vepu_write","2_SubSystem",2,"v4l_qbuf, v4l_streamon","hantro.h"
"vepu_write_relaxed","1_Driver",2,"v4l_qbuf, v4l_streamon","hantro.h"
"vepu_write_relaxed","2_SubSystem",2,"v4l_qbuf, v4l_streamon","hantro.h"
"hantro_get_ref","1_Driver",2,"v4l_qbuf, v4l_streamon","hantro_drv.c"
"hantro_get_ref","2_SubSystem",2,"v4l_qbuf, v4l_streamon","hantro_drv.c"
"hantro_get_ctrl","1_Driver",2,"v4l_qbuf, v4l_streamon","hantro_drv.c"
"hantro_get_ctrl","2_SubSystem",2,"v4l_qbuf, v4l_streamon","hantro_drv.c"
"hantro_job_finish","1_Driver",2,"v4l_qbuf, v4l_streamon","hantro_drv.c"
"hantro_job_finish","2_SubSystem",2,"v4l_qbuf, v4l_streamon","hantro_drv.c"
"hantro_job_finish_no_pm","1_Driver",2,"v4l_qbuf, v4l_streamon","hantro_drv.c"
"hantro_job_finish_no_pm","2_SubSystem",2,"v4l_qbuf, v4l_streamon","hantro_drv.c"
"set_buffers","1_Driver",2,"v4l_qbuf, v4l_streamon","hantro_g1_h264_dec.c"
"set_buffers","1_Driver",2,"v4l_qbuf, v4l_streamon","hantro_g2_hevc_dec.c"
"set_buffers","1_Driver",2,"v4l_qbuf, v4l_streamon","rockchip_vpu2_hw_h264_dec.c"
"set_buffers","2_SubSystem",2,"v4l_qbuf, v4l_streamon","hantro_g1_h264_dec.c"
"set_buffers","2_SubSystem",2,"v4l_qbuf, v4l_streamon","hantro_g2_hevc_dec.c"
"set_buffers","2_SubSystem",2,"v4l_qbuf, v4l_streamon","rockchip_vpu2_hw_h264_dec.c"
"set_ref","1_Driver",2,"v4l_qbuf, v4l_streamon","hantro_g1_h264_dec.c"
"set_ref","1_Driver",2,"v4l_qbuf, v4l_streamon","hantro_g2_hevc_dec.c"
"set_ref","1_Driver",2,"v4l_qbuf, v4l_streamon","rockchip_vpu2_hw_h264_dec.c"
"set_ref","2_SubSystem",2,"v4l_qbuf, v4l_streamon","hantro_g1_h264_dec.c"
"set_ref","2_SubSystem",2,"v4l_qbuf, v4l_streamon","hantro_g2_hevc_dec.c"
"set_ref","2_SubSystem",2,"v4l_qbuf, v4l_streamon","rockchip_vpu2_hw_h264_dec.c"
"hantro_g1_mpeg2_dec_set_buffers","1_Driver",2,"v4l_qbuf, v4l_streamon","hantro_g1_mpeg2_dec.c"
"hantro_g1_mpeg2_dec_set_buffers","2_SubSystem",2,"v4l_qbuf, v4l_streamon","hantro_g1_mpeg2_dec.c"
"hantro_g1_mpeg2_dec_set_quantisation","1_Driver",2,"v4l_qbuf, v4l_streamon","hantro_g1_mpeg2_dec.c"
"hantro_g1_mpeg2_dec_set_quantisation","2_SubSystem",2,"v4l_qbuf, v4l_streamon","hantro_g1_mpeg2_dec.c"
"cfg_buffers","1_Driver",2,"v4l_qbuf, v4l_streamon","hantro_g1_vp8_dec.c"
"cfg_buffers","1_Driver",2,"v4l_qbuf, v4l_streamon","rockchip_vpu2_hw_vp8_dec.c"
"cfg_buffers","2_SubSystem",2,"v4l_qbuf, v4l_streamon","hantro_g1_vp8_dec.c"
"cfg_buffers","2_SubSystem",2,"v4l_qbuf, v4l_streamon","rockchip_vpu2_hw_vp8_dec.c"
"cfg_ref","1_Driver",2,"v4l_qbuf, v4l_streamon","hantro_g1_vp8_dec.c"
"cfg_ref","1_Driver",2,"v4l_qbuf, v4l_streamon","rockchip_vpu2_hw_vp8_dec.c"
"cfg_ref","2_SubSystem",2,"v4l_qbuf, v4l_streamon","hantro_g1_vp8_dec.c"
"cfg_ref","2_SubSystem",2,"v4l_qbuf, v4l_streamon","rockchip_vpu2_hw_vp8_dec.c"
"cfg_tap","1_Driver",2,"v4l_qbuf, v4l_streamon","hantro_g1_vp8_dec.c"
"cfg_tap","1_Driver",2,"v4l_qbuf, v4l_streamon","rockchip_vpu2_hw_vp8_dec.c"
"cfg_tap","2_SubSystem",2,"v4l_qbuf, v4l_streamon","hantro_g1_vp8_dec.c"
"cfg_tap","2_SubSystem",2,"v4l_qbuf, v4l_streamon","rockchip_vpu2_hw_vp8_dec.c"
"cfg_parts","1_Driver",2,"v4l_qbuf, v4l_streamon","hantro_g1_vp8_dec.c"
"cfg_parts","1_Driver",2,"v4l_qbuf, v4l_streamon","rockchip_vpu2_hw_vp8_dec.c"
"cfg_parts","2_SubSystem",2,"v4l_qbuf, v4l_streamon","hantro_g1_vp8_dec.c"
"cfg_parts","2_SubSystem",2,"v4l_qbuf, v4l_streamon","rockchip_vpu2_hw_vp8_dec.c"
"cfg_qp","1_Driver",2,"v4l_qbuf, v4l_streamon","hantro_g1_vp8_dec.c"
"cfg_qp","1_Driver",2,"v4l_qbuf, v4l_streamon","rockchip_vpu2_hw_vp8_dec.c"
"cfg_qp","2_SubSystem",2,"v4l_qbuf, v4l_streamon","hantro_g1_vp8_dec.c"
"cfg_qp","2_SubSystem",2,"v4l_qbuf, v4l_streamon","rockchip_vpu2_hw_vp8_dec.c"
"cfg_lf","1_Driver",2,"v4l_qbuf, v4l_streamon","hantro_g1_vp8_dec.c"
"cfg_lf","1_Driver",2,"v4l_qbuf, v4l_streamon","rockchip_vpu2_hw_vp8_dec.c"
"cfg_lf","2_SubSystem",2,"v4l_qbuf, v4l_streamon","hantro_g1_vp8_dec.c"
"cfg_lf","2_SubSystem",2,"v4l_qbuf, v4l_streamon","rockchip_vpu2_hw_vp8_dec.c"
"hantro_g2_mv_size","1_Driver",2,"v4l_qbuf, v4l_streamon","hantro_g2.c"
"hantro_g2_mv_size","2_SubSystem",2,"v4l_qbuf, v4l_streamon","hantro_g2.c"
"prepare_scaling_list_buffer","1_Driver",2,"v4l_qbuf, v4l_streamon","hantro_g2_hevc_dec.c"
"prepare_scaling_list_buffer","2_SubSystem",2,"v4l_qbuf, v4l_streamon","hantro_g2_hevc_dec.c"
"set_ref_pic_list","1_Driver",2,"v4l_qbuf, v4l_streamon","hantro_g2_hevc_dec.c"
"set_ref_pic_list","2_SubSystem",2,"v4l_qbuf, v4l_streamon","hantro_g2_hevc_dec.c"
"compute_header_skip_length","1_Driver",2,"v4l_qbuf, v4l_streamon","hantro_g2_hevc_dec.c"
"compute_header_skip_length","2_SubSystem",2,"v4l_qbuf, v4l_streamon","hantro_g2_hevc_dec.c"
"prepare_tile_info_buffer","1_Driver",2,"v4l_qbuf, v4l_streamon","hantro_g2_hevc_dec.c"
"prepare_tile_info_buffer","2_SubSystem",2,"v4l_qbuf, v4l_streamon","hantro_g2_hevc_dec.c"
"config_source","1_Driver",2,"v4l_qbuf, v4l_streamon","hantro_g2_vp9_dec.c"
"config_source","2_SubSystem",2,"v4l_qbuf, v4l_streamon","hantro_g2_vp9_dec.c"
"config_seg_map","1_Driver",2,"v4l_qbuf, v4l_streamon","hantro_g2_vp9_dec.c"
"config_seg_map","2_SubSystem",2,"v4l_qbuf, v4l_streamon","hantro_g2_vp9_dec.c"
"config_counts","1_Driver",2,"v4l_qbuf, v4l_streamon","hantro_g2_vp9_dec.c"
"config_counts","2_SubSystem",2,"v4l_qbuf, v4l_streamon","hantro_g2_vp9_dec.c"
"config_probs","1_Driver",2,"v4l_qbuf, v4l_streamon","hantro_g2_vp9_dec.c"
"config_probs","2_SubSystem",2,"v4l_qbuf, v4l_streamon","hantro_g2_vp9_dec.c"
"config_compound_reference","1_Driver",2,"v4l_qbuf, v4l_streamon","hantro_g2_vp9_dec.c"
"config_compound_reference","2_SubSystem",2,"v4l_qbuf, v4l_streamon","hantro_g2_vp9_dec.c"
"config_others","1_Driver",2,"v4l_qbuf, v4l_streamon","hantro_g2_vp9_dec.c"
"config_others","2_SubSystem",2,"v4l_qbuf, v4l_streamon","hantro_g2_vp9_dec.c"
"hantro_interp_filter_from_v4l2","1_Driver",2,"v4l_qbuf, v4l_streamon","hantro_g2_vp9_dec.c"
"hantro_interp_filter_from_v4l2","2_SubSystem",2,"v4l_qbuf, v4l_streamon","hantro_g2_vp9_dec.c"
"config_quant","1_Driver",2,"v4l_qbuf, v4l_streamon","hantro_g2_vp9_dec.c"
"config_quant","2_SubSystem",2,"v4l_qbuf, v4l_streamon","hantro_g2_vp9_dec.c"
"is_lossless","1_Driver",2,"v4l_qbuf, v4l_streamon","hantro_g2_vp9_dec.c"
"is_lossless","2_SubSystem",2,"v4l_qbuf, v4l_streamon","hantro_g2_vp9_dec.c"
"config_bit_depth","1_Driver",2,"v4l_qbuf, v4l_streamon","hantro_g2_vp9_dec.c"
"config_bit_depth","2_SubSystem",2,"v4l_qbuf, v4l_streamon","hantro_g2_vp9_dec.c"
"config_picture_dimensions","1_Driver",2,"v4l_qbuf, v4l_streamon","hantro_g2_vp9_dec.c"
"config_picture_dimensions","2_SubSystem",2,"v4l_qbuf, v4l_streamon","hantro_g2_vp9_dec.c"
"config_loop_filter","1_Driver",2,"v4l_qbuf, v4l_streamon","hantro_g2_vp9_dec.c"
"config_loop_filter","2_SubSystem",2,"v4l_qbuf, v4l_streamon","hantro_g2_vp9_dec.c"
"config_segment","1_Driver",2,"v4l_qbuf, v4l_streamon","hantro_g2_vp9_dec.c"
"config_segment","2_SubSystem",2,"v4l_qbuf, v4l_streamon","hantro_g2_vp9_dec.c"
"feat_val_clip3","1_Driver",2,"v4l_qbuf, v4l_streamon","hantro_g2_vp9_dec.c"
"feat_val_clip3","2_SubSystem",2,"v4l_qbuf, v4l_streamon","hantro_g2_vp9_dec.c"
"clip3","1_Driver",2,"v4l_qbuf, v4l_streamon","hantro_g2_vp9_dec.c"
"clip3","2_SubSystem",2,"v4l_qbuf, v4l_streamon","hantro_g2_vp9_dec.c"
"update_feat_and_flag","1_Driver",2,"v4l_qbuf, v4l_streamon","hantro_g2_vp9_dec.c"
"update_feat_and_flag","2_SubSystem",2,"v4l_qbuf, v4l_streamon","hantro_g2_vp9_dec.c"
"config_tiles","1_Driver",2,"v4l_qbuf, v4l_streamon","hantro_g2_vp9_dec.c"
"config_tiles","2_SubSystem",2,"v4l_qbuf, v4l_streamon","hantro_g2_vp9_dec.c"
"fill_tile_info","1_Driver",2,"v4l_qbuf, v4l_streamon","hantro_g2_vp9_dec.c"
"fill_tile_info","2_SubSystem",2,"v4l_qbuf, v4l_streamon","hantro_g2_vp9_dec.c"
"first_tile_row","1_Driver",2,"v4l_qbuf, v4l_streamon","hantro_g2_vp9_dec.c"
"first_tile_row","2_SubSystem",2,"v4l_qbuf, v4l_streamon","hantro_g2_vp9_dec.c"
"recompute_tile_rc_info","1_Driver",2,"v4l_qbuf, v4l_streamon","hantro_g2_vp9_dec.c"
"recompute_tile_rc_info","2_SubSystem",2,"v4l_qbuf, v4l_streamon","hantro_g2_vp9_dec.c"
"recompute_tile_info","1_Driver",2,"v4l_qbuf, v4l_streamon","hantro_g2_vp9_dec.c"
"recompute_tile_info","2_SubSystem",2,"v4l_qbuf, v4l_streamon","hantro_g2_vp9_dec.c"
"config_ref_registers","1_Driver",2,"v4l_qbuf, v4l_streamon","hantro_g2_vp9_dec.c"
"config_ref_registers","2_SubSystem",2,"v4l_qbuf, v4l_streamon","hantro_g2_vp9_dec.c"
"config_ref","1_Driver",2,"v4l_qbuf, v4l_streamon","hantro_g2_vp9_dec.c"
"config_ref","2_SubSystem",2,"v4l_qbuf, v4l_streamon","hantro_g2_vp9_dec.c"
"config_output","1_Driver",2,"v4l_qbuf, v4l_streamon","hantro_g2_vp9_dec.c"
"config_output","2_SubSystem",2,"v4l_qbuf, v4l_streamon","hantro_g2_vp9_dec.c"
"update_ctx_cur_info","1_Driver",2,"v4l_qbuf, v4l_streamon","hantro_g2_vp9_dec.c"
"update_ctx_cur_info","2_SubSystem",2,"v4l_qbuf, v4l_streamon","hantro_g2_vp9_dec.c"
"update_dec_buf_info","1_Driver",2,"v4l_qbuf, v4l_streamon","hantro_g2_vp9_dec.c"
"update_dec_buf_info","2_SubSystem",2,"v4l_qbuf, v4l_streamon","hantro_g2_vp9_dec.c"
"get_ref_buf","1_Driver",2,"v4l_qbuf, v4l_streamon","hantro_g2_vp9_dec.c"
"get_ref_buf","2_SubSystem",2,"v4l_qbuf, v4l_streamon","hantro_g2_vp9_dec.c"
"start_prepare_run","1_Driver",2,"v4l_qbuf, v4l_streamon","hantro_g2_vp9_dec.c"
"start_prepare_run","2_SubSystem",2,"v4l_qbuf, v4l_streamon","hantro_g2_vp9_dec.c"
"hantro_jpeg_header_assemble","1_Driver",2,"v4l_qbuf, v4l_streamon","hantro_jpeg.c"
"hantro_jpeg_header_assemble","2_SubSystem",2,"v4l_qbuf, v4l_streamon","hantro_jpeg.c"
"hantro_h1_jpeg_enc_set_qtable","1_Driver",2,"v4l_qbuf, v4l_streamon","hantro_h1_jpeg_enc.c"
"hantro_h1_jpeg_enc_set_qtable","2_SubSystem",2,"v4l_qbuf, v4l_streamon","hantro_h1_jpeg_enc.c"
"hantro_h1_jpeg_enc_set_buffers","1_Driver",2,"v4l_qbuf, v4l_streamon","hantro_h1_jpeg_enc.c"
"hantro_h1_jpeg_enc_set_buffers","2_SubSystem",2,"v4l_qbuf, v4l_streamon","hantro_h1_jpeg_enc.c"
"hantro_h1_set_src_img_ctrl","1_Driver",2,"v4l_qbuf, v4l_streamon","hantro_h1_jpeg_enc.c"
"hantro_h1_set_src_img_ctrl","2_SubSystem",2,"v4l_qbuf, v4l_streamon","hantro_h1_jpeg_enc.c"
"deduplicate_reflist","1_Driver",2,"v4l_qbuf, v4l_streamon","hantro_h264.c"
"deduplicate_reflist","2_SubSystem",2,"v4l_qbuf, v4l_streamon","hantro_h264.c"
"update_dpb","1_Driver",2,"v4l_qbuf, v4l_streamon","hantro_h264.c"
"__verify_planes_array_core","2_SubSystem",1,"v4l_dqbuf","videobuf2-v4l2.c"
"v4l2_m2m_ioctl_querybuf","2_SubSystem",1,"v4l_querybuf","v4l2-mem2mem.c"
"validate_av1_segmentation","2_SubSystem",1,"v4l_s_ext_ctrls","v4l2-ctrls-core.c"
"validate_av1_quantization","2_SubSystem",1,"v4l_s_ext_ctrls","v4l2-ctrls-core.c"
"validate_vp9_frame","2_SubSystem",1,"v4l_s_ext_ctrls","v4l2-ctrls-core.c"
"validate_vp9_compressed_hdr","2_SubSystem",1,"v4l_s_ext_ctrls","v4l2-ctrls-core.c"
"validate_vp9_seg_params","2_SubSystem",1,"v4l_s_ext_ctrls","v4l2-ctrls-core.c"
"validate_vp9_quant_params","2_SubSystem",1,"v4l_s_ext_ctrls","v4l2-ctrls-core.c"
"v4l2_m2m_streamoff","2_SubSystem",1,"v4l_streamoff","v4l2-mem2mem.c"
"v4l2_m2m_streamon","2_SubSystem",1,"v4l_streamon","v4l2-mem2mem.c"
"v4l2_m2m_expbuf","2_SubSystem",1,"v4l_stub_expbuf","v4l2-mem2mem.c"
"v4l2_m2m_dqbuf","2_SubSystem",1,"v4l_dqbuf","v4l2-mem2mem.c"
"v4l2_m2m_qbuf","2_SubSystem",1,"v4l_qbuf","v4l2-mem2mem.c"
"v4l2_m2m_querybuf","2_SubSystem",1,"v4l_querybuf","v4l2-mem2mem.c"
"v4l2_m2m_reqbufs","2_SubSystem",1,"v4l_reqbufs","v4l2-mem2mem.c"
"v4l2_m2m_ioctl_expbuf","2_SubSystem",1,"v4l_stub_expbuf","v4l2-mem2mem.c"
"validate_vp9_lf_params","2_SubSystem",1,"v4l_s_ext_ctrls","v4l2-ctrls-core.c"
"v4l2_m2m_ioctl_qbuf","2_SubSystem",1,"v4l_qbuf","v4l2-mem2mem.c"
"__compiletime_assert_510","2_SubSystem",1,"v4l_s_ext_ctrls","objpool.h"
"v4l2_m2m_ioctl_dqbuf","2_SubSystem",1,"v4l_dqbuf","v4l2-mem2mem.c"
"__compiletime_assert_510","2_SubSystem",1,"v4l_s_ext_ctrls","v4l2-ctrls-core.c"
"v4l2_m2m_ioctl_streamon","2_SubSystem",1,"v4l_streamon","v4l2-mem2mem.c"
"v4l2_ctrls_find_req_obj","2_SubSystem",1,"v4l_s_ext_ctrls","v4l2-ctrls-request.c"
"__compiletime_assert_510","2_SubSystem",1,"v4l_s_ext_ctrls","ao-cec.c"
"v4l2_m2m_ioctl_streamoff","2_SubSystem",1,"v4l_streamoff","v4l2-mem2mem.c"
"__compiletime_assert_510","2_SubSystem",1,"v4l_s_ext_ctrls","mc-device.c"
"__compiletime_assert_510","2_SubSystem",1,"v4l_s_ext_ctrls","ao-cec-g12a.c"
"vfree","3_kernel",1,"v4l_reqbufs","vmalloc.h"
"vidioc_enum_framesizes","1_Driver",1,"v4l_stub_enum_framesizes","hantro_v4l2.c"
"vidioc_enum_framesizes","2_SubSystem",1,"v4l_stub_enum_framesizes","hantro_v4l2.c"
"vidioc_enum_fmt_vid_out","1_Driver",1,"v4l_enum_fmt","hantro_v4l2.c"
"vidioc_enum_fmt_vid_out","2_SubSystem",1,"v4l_enum_fmt","hantro_v4l2.c"
"vidioc_enum_fmt_vid_cap","1_Driver",1,"v4l_enum_fmt","hantro_v4l2.c"
"vidioc_enum_fmt_vid_cap","2_SubSystem",1,"v4l_enum_fmt","hantro_v4l2.c"
"vidioc_querycap","1_Driver",1,"v4l_querycap","hantro_v4l2.c"
"vidioc_querycap","2_SubSystem",1,"v4l_querycap","hantro_v4l2.c"
"dma_mapping_error","3_kernel",1,"v4l_qbuf","dma-mapping.h"
"__compiletime_assert_510","2_SubSystem",1,"v4l_s_ext_ctrls","meson-ir.c"
"__compiletime_assert_510","2_SubSystem",1,"v4l_s_ext_ctrls","v4l2-compat-ioctl32.c"
"split_page","3_kernel",1,"v4l_reqbufs","mm.h"
"pin_user_pages_fast","3_kernel",1,"v4l_qbuf","mm.h"
"bitmap_zalloc","3_kernel",1,"v4l_reqbufs","bitmap.h"
"bitmap_free","3_kernel",1,"v4l_reqbufs","bitmap.h"
"hanto_postproc_enum_framesizes","1_Driver",1,"v4l_stub_enum_framesizes","hantro_postproc.c"
"hanto_postproc_enum_framesizes","2_SubSystem",1,"v4l_stub_enum_framesizes","hantro_postproc.c"
"bitmap_find_next_zero_area","3_kernel",1,"v4l_reqbufs","bitmap.h"
"put_device","3_kernel",1,"v4l_reqbufs","device.h"
"copy_from_user","3_kernel",1,"v4l_s_ext_ctrls","uaccess.h"
"size_add","3_kernel",1,"v4l_qbuf","overflow.h"
"__setup_offsets","2_SubSystem",1,"v4l_reqbufs","videobuf2-core.c"
"copy_to_user","3_kernel",1,"v4l_s_ext_ctrls","uaccess.h"
"size_mul","3_kernel",1,"v4l_qbuf","overflow.h"
"cache_line_size","3_kernel",1,"v4l_qbuf","cache.h"
"kmalloc_array_noprof","3_kernel",1,"v4l_reqbufs","slab.h"
"alloc_pages_noprof","3_kernel",1,"v4l_reqbufs","gfp.h"
"sign_extend64","3_kernel",1,"v4l_qbuf","bitops.h"
"__free_pages","3_kernel",1,"v4l_reqbufs","gfp.h"
"refcount_set","3_kernel",1,"v4l_reqbufs","refcount.h"
"strlen","3_kernel",1,"v4l_s_ext_ctrls","string.h"
"init_buffer_cache_hints","2_SubSystem",1,"v4l_reqbufs","videobuf2-core.c"
"vb2_queue_add_buffer","2_SubSystem",1,"v4l_reqbufs","videobuf2-core.c"
"v4l_fill_fmtdesc","2_SubSystem",1,"v4l_enum_fmt","v4l2-ioctl.c"
"v4l_sanitize_format","2_SubSystem",1,"v4l_s_fmt","v4l2-ioctl.c"
"v4l_sanitize_colorspace","2_SubSystem",1,"v4l_s_fmt","v4l2-ioctl.c"
"check_ext_ctrls","2_SubSystem",1,"v4l_s_ext_ctrls","v4l2-ioctl.c"
"v4l2_m2m_force_last_buf_done","2_SubSystem",1,"v4l_qbuf","v4l2-mem2mem.c"
"ioremap","3_kernel",1,"v4l_qbuf","io.h"
"refcount_inc","3_kernel",1,"v4l_stub_expbuf","refcount.h"
"refcount_dec_and_test","3_kernel",1,"v4l_reqbufs","refcount.h"
"v4l2_m2m_cancel_job","2_SubSystem",1,"v4l_streamoff","v4l2-mem2mem.c"
"ERR_CAST","3_kernel",1,"v4l_s_ext_ctrls","err.h"
"v4l_enable_media_source","2_SubSystem",1,"v4l_s_fmt","v4l2-mc.c"
"get_order","3_kernel",1,"v4l_reqbufs","getorder.h"
"dma_map_resource","3_kernel",1,"v4l_qbuf","dma-mapping.h"
"dma_get_sgtable_attrs","3_kernel",1,"v4l_stub_expbuf","dma-mapping.h"
"dma_alloc_noncontiguous","3_kernel",1,"v4l_reqbufs","dma-mapping.h"
"try_set_ext_ctrls","2_SubSystem",1,"v4l_s_ext_ctrls","v4l2-ctrls-api.c"
"try_set_ext_ctrls_common","2_SubSystem",1,"v4l_s_ext_ctrls","v4l2-ctrls-api.c"
"validate_ctrls","2_SubSystem",1,"v4l_s_ext_ctrls","v4l2-ctrls-api.c"
"validate_new","2_SubSystem",1,"v4l_s_ext_ctrls","v4l2-ctrls-api.c"
"class_check","2_SubSystem",1,"v4l_s_ext_ctrls","v4l2-ctrls-api.c"
"prepare_ext_ctrls","2_SubSystem",1,"v4l_s_ext_ctrls","v4l2-ctrls-api.c"
"user_to_new","2_SubSystem",1,"v4l_s_ext_ctrls","v4l2-ctrls-api.c"
"new_to_user","2_SubSystem",1,"v4l_s_ext_ctrls","v4l2-ctrls-api.c"
"ptr_to_user","2_SubSystem",1,"v4l_s_ext_ctrls","v4l2-ctrls-api.c"
"try_set_ext_ctrls_request","2_SubSystem",1,"v4l_s_ext_ctrls","v4l2-ctrls-request.c"
"dma_free_noncontiguous","3_kernel",1,"v4l_reqbufs","dma-mapping.h"
"vb2_queue_remove_buffer","2_SubSystem",1,"v4l_reqbufs","videobuf2-core.c"
"__vb2_queue_alloc","2_SubSystem",1,"v4l_reqbufs","videobuf2-core.c"
"__vb2_free_mem","2_SubSystem",1,"v4l_reqbufs","videobuf2-core.c"
"__vb2_queue_free","2_SubSystem",1,"v4l_reqbufs","videobuf2-core.c"
"__buffers_in_use","2_SubSystem",1,"v4l_reqbufs","videobuf2-core.c"
"__verify_userptr_ops","2_SubSystem",1,"v4l_reqbufs","videobuf2-core.c"
"__verify_mmap_ops","2_SubSystem",1,"v4l_reqbufs","videobuf2-core.c"
"__verify_dmabuf_ops","2_SubSystem",1,"v4l_reqbufs","videobuf2-core.c"
"set_queue_coherency","2_SubSystem",1,"v4l_reqbufs","videobuf2-core.c"
"verify_coherency_flags","2_SubSystem",1,"v4l_reqbufs","videobuf2-core.c"
"dma_buf_attach","3_kernel",1,"v4l_qbuf","dma-buf.h"
"dma_buf_export","3_kernel",1,"v4l_stub_expbuf","dma-buf.h"
"dma_buf_fd","3_kernel",1,"v4l_stub_expbuf","dma-buf.h"
"dma_buf_get","3_kernel",1,"v4l_qbuf","dma-buf.h"
"dma_buf_map_attachment_unlocked","3_kernel",1,"v4l_qbuf","dma-buf.h"
"v4l2_buffer_get_timestamp","3_kernel",1,"v4l_qbuf","v4l2-common.h"
"v4l2_is_colorspace_valid","3_kernel",1,"v4l_s_fmt","v4l2-common.h"
"v4l2_is_xfer_func_valid","3_kernel",1,"v4l_s_fmt","v4l2-common.h"
"v4l2_is_ycbcr_enc_valid","3_kernel",1,"v4l_s_fmt","v4l2-common.h"
"v4l2_is_hsv_enc_valid","3_kernel",1,"v4l_s_fmt","v4l2-common.h"
"v4l2_is_quant_valid","3_kernel",1,"v4l_s_fmt","v4l2-common.h"
"v4l2_query_ext_ctrl","2_SubSystem",1,"v4l_query_ext_ctrl","v4l2-ctrls-api.c"
"v4l2_s_ext_ctrls","2_SubSystem",1,"v4l_s_ext_ctrls","v4l2-ctrls-api.c"
"v4l2_ctrl_type_op_validate","2_SubSystem",1,"v4l_s_ext_ctrls","v4l2-ctrls-core.c"
"media_request_get","3_kernel",1,"v4l_qbuf","media-request.h"
"media_request_object_get","3_kernel",1,"v4l_s_ext_ctrls","media-request.h"
"vb2_vmalloc_alloc","2_SubSystem",1,"v4l_reqbufs","videobuf2-vmalloc.c"
"vb2_vmalloc_put","2_SubSystem",1,"v4l_reqbufs","videobuf2-vmalloc.c"
"vb2_vmalloc_get_userptr","2_SubSystem",1,"v4l_qbuf","videobuf2-vmalloc.c"
"vb2_vmalloc_get_dmabuf","2_SubSystem",1,"v4l_stub_expbuf","videobuf2-vmalloc.c"
"vb2_vmalloc_map_dmabuf","2_SubSystem",1,"v4l_qbuf","videobuf2-vmalloc.c"
"vb2_vmalloc_attach_dmabuf","2_SubSystem",1,"v4l_qbuf","videobuf2-vmalloc.c"
"v4l2_m2m_ioctl_reqbufs","2_SubSystem",1,"v4l_reqbufs","v4l2-mem2mem.c"
"__verify_length","2_SubSystem",1,"v4l_qbuf","videobuf2-v4l2.c"
"__copy_timestamp","2_SubSystem",1,"v4l_qbuf","videobuf2-v4l2.c"
"vb2_warn_zero_bytesused","2_SubSystem",1,"v4l_qbuf","videobuf2-v4l2.c"
"vb2_fill_vb2_v4l2_buffer","2_SubSystem",1,"v4l_qbuf","videobuf2-v4l2.c"
"set_buffer_cache_hints","2_SubSystem",1,"v4l_qbuf","videobuf2-v4l2.c"
"vb2_queue_or_prepare_buf","2_SubSystem",1,"v4l_qbuf","videobuf2-v4l2.c"
"__fill_vb2_buffer","2_SubSystem",1,"v4l_qbuf","videobuf2-v4l2.c"
"vb2_set_flags_and_caps","2_SubSystem",1,"v4l_reqbufs","videobuf2-v4l2.c"
"vb2_dma_sg_alloc_compacted","2_SubSystem",1,"v4l_reqbufs","videobuf2-dma-sg.c"
"vb2_dma_sg_alloc","2_SubSystem",1,"v4l_reqbufs","videobuf2-dma-sg.c"
"vb2_dma_sg_put","2_SubSystem",1,"v4l_reqbufs","videobuf2-dma-sg.c"
"vb2_dma_sg_prepare","2_SubSystem",1,"v4l_qbuf","videobuf2-dma-sg.c"
"vb2_dma_sg_get_userptr","2_SubSystem",1,"v4l_qbuf","videobuf2-dma-sg.c"
"vidioc_enum_fmt","1_Driver",1,"v4l_enum_fmt","hantro_v4l2.c"
"vidioc_enum_fmt","2_SubSystem",1,"v4l_enum_fmt","hantro_v4l2.c"
"clear_bit","3_kernel",1,"v4l_reqbufs","instrumented-atomic.h"
"vb2_dma_sg_get_dmabuf","2_SubSystem",1,"v4l_stub_expbuf","videobuf2-dma-sg.c"
"vb2_dma_sg_map_dmabuf","2_SubSystem",1,"v4l_qbuf","videobuf2-dma-sg.c"
"vb2_core_allocated_buffers_storage","2_SubSystem",1,"v4l_reqbufs","videobuf2-core.c"
"vb2_core_free_buffers_storage","2_SubSystem",1,"v4l_reqbufs","videobuf2-core.c"
"__prepare_mmap","2_SubSystem",1,"v4l_qbuf","videobuf2-core.c"
"__prepare_userptr","2_SubSystem",1,"v4l_qbuf","videobuf2-core.c"
"__prepare_dmabuf","2_SubSystem",1,"v4l_qbuf","videobuf2-core.c"
"__buf_prepare","2_SubSystem",1,"v4l_qbuf","videobuf2-core.c"
"dma_vunmap_noncontiguous","3_kernel",1,"v4l_reqbufs","dma-mapping.h"
"dma_sync_sgtable_for_device","3_kernel",1,"v4l_qbuf","dma-mapping.h"
"sg_next","3_kernel",1,"v4l_qbuf","scatterlist.h"
"flush_kernel_vmap_range","3_kernel",1,"v4l_qbuf","highmem.h"
"__compiletime_assert_514","2_SubSystem",1,"v4l_s_ext_ctrls","highmem.h"
"__compiletime_assert_514","2_SubSystem",1,"v4l_s_ext_ctrls","v4l2-ctrls-core.c"
"__compiletime_assert_514","2_SubSystem",1,"v4l_s_ext_ctrls","ao-cec.c"
"__compiletime_assert_514","2_SubSystem",1,"v4l_s_ext_ctrls","ao-cec-g12a.c"
"__compiletime_assert_514","2_SubSystem",1,"v4l_s_ext_ctrls","cec-adap.c"
"__compiletime_assert_514","2_SubSystem",1,"v4l_s_ext_ctrls","meson-ir.c"
"vb2_dma_sg_attach_dmabuf","2_SubSystem",1,"v4l_qbuf","videobuf2-dma-sg.c"
"vb2_dc_get_contiguous_size","2_SubSystem",1,"v4l_qbuf","videobuf2-dma-contig.c"
"__compiletime_assert_514","2_SubSystem",1,"v4l_s_ext_ctrls","v4l2-compat-ioctl32.c"
"__compiletime_assert_518","2_SubSystem",1,"v4l_s_ext_ctrls","highmem.h"
"get_device","3_kernel",1,"v4l_reqbufs","device.h"
"__compiletime_assert_518","2_SubSystem",1,"v4l_s_ext_ctrls","hfi_plat_bufs_v6.c"
"__compiletime_assert_518","2_SubSystem",1,"v4l_s_ext_ctrls","v4l2-ctrls-core.c"
"hantro_postproc_g2_enum_framesizes","1_Driver",1,"v4l_stub_enum_framesizes","hantro_postproc.c"
"hantro_postproc_g2_enum_framesizes","2_SubSystem",1,"v4l_stub_enum_framesizes","hantro_postproc.c"
"__compiletime_assert_518","2_SubSystem",1,"v4l_s_ext_ctrls","ao-cec-g12a.c"
"vb2_dc_prepare","2_SubSystem",1,"v4l_qbuf","videobuf2-dma-contig.c"
"vb2_dc_put","2_SubSystem",1,"v4l_reqbufs","videobuf2-dma-contig.c"
"__compiletime_assert_518","2_SubSystem",1,"v4l_s_ext_ctrls","meson-ir.c"
"__compiletime_assert_518","2_SubSystem",1,"v4l_s_ext_ctrls","v4l2-compat-ioctl32.c"
"__compiletime_assert_522","2_SubSystem",1,"v4l_s_ext_ctrls","highmem.h"
"__compiletime_assert_522","2_SubSystem",1,"v4l_s_ext_ctrls","v4l2-ctrls-core.c"
"__compiletime_assert_522","2_SubSystem",1,"v4l_s_ext_ctrls","ao-cec-g12a.c"
"hantro_buf_out_validate","1_Driver",1,"v4l_qbuf","hantro_v4l2.c"
"vb2_dc_alloc_coherent","2_SubSystem",1,"v4l_reqbufs","videobuf2-dma-contig.c"
"vb2_dc_alloc_non_coherent","2_SubSystem",1,"v4l_reqbufs","videobuf2-dma-contig.c"
"hantro_buf_out_validate","2_SubSystem",1,"v4l_qbuf","hantro_v4l2.c"
"__compiletime_assert_522","2_SubSystem",1,"v4l_s_ext_ctrls","meson-ir.c"
"__compiletime_assert_510","2_SubSystem",1,"v4l_s_ext_ctrls","drm_connector.h"
"std_validate_elem","2_SubSystem",1,"v4l_s_ext_ctrls","v4l2-ctrls-core.c"
"std_validate_compound","2_SubSystem",1,"v4l_s_ext_ctrls","v4l2-ctrls-core.c"
"validate_av1_sequence","2_SubSystem",1,"v4l_s_ext_ctrls","v4l2-ctrls-core.c"
"validate_av1_frame","2_SubSystem",1,"v4l_s_ext_ctrls","v4l2-ctrls-core.c"
"validate_av1_film_grain","2_SubSystem",1,"v4l_s_ext_ctrls","v4l2-ctrls-core.c"
"validate_av1_loop_restauration","2_SubSystem",1,"v4l_s_ext_ctrls","v4l2-ctrls-core.c"
"__vb2_wait_for_done_vb","2_SubSystem",1,"v4l_dqbuf","videobuf2-core.c"
"__vb2_get_done_vb","2_SubSystem",1,"v4l_dqbuf","videobuf2-core.c"
"validate_av1_cdef","2_SubSystem",1,"v4l_s_ext_ctrls","v4l2-ctrls-core.c"
"validate_av1_loop_filter","2_SubSystem",1,"v4l_s_ext_ctrls","v4l2-ctrls-core.c"
"hantro_buf_prepare","1_Driver",1,"v4l_qbuf","hantro_v4l2.c"
"hantro_buf_prepare","2_SubSystem",1,"v4l_qbuf","hantro_v4l2.c"
"hantro_buf_plane_check","1_Driver",1,"v4l_qbuf","hantro_v4l2.c"
"vb2_dc_alloc","2_SubSystem",1,"v4l_reqbufs","videobuf2-dma-contig.c"
"vb2_dc_get_base_sgt","2_SubSystem",1,"v4l_stub_expbuf","videobuf2-dma-contig.c"
"vb2_dc_get_dmabuf","2_SubSystem",1,"v4l_stub_expbuf","videobuf2-dma-contig.c"
"vb2_dc_get_userptr","2_SubSystem",1,"v4l_qbuf","videobuf2-dma-contig.c"
"hantro_buf_plane_check","2_SubSystem",1,"v4l_qbuf","hantro_v4l2.c"
"hantro_queue_setup","1_Driver",1,"v4l_reqbufs","hantro_v4l2.c"
"hantro_queue_setup","2_SubSystem",1,"v4l_reqbufs","hantro_v4l2.c"
"vidioc_s_fmt_cap_mplane","1_Driver",1,"v4l_s_fmt","hantro_v4l2.c"
"vidioc_s_fmt_cap_mplane","2_SubSystem",1,"v4l_s_fmt","hantro_v4l2.c"
"vidioc_s_fmt_out_mplane","1_Driver",1,"v4l_s_fmt","hantro_v4l2.c"
"vb2_dc_map_dmabuf","2_SubSystem",1,"v4l_qbuf","videobuf2-dma-contig.c"
"vb2_dc_attach_dmabuf","2_SubSystem",1,"v4l_qbuf","videobuf2-dma-contig.c"
"vb2_create_framevec","2_SubSystem",1,"v4l_qbuf","videobuf2-memops.c"
"vb2_querybuf","2_SubSystem",1,"v4l_querybuf","videobuf2-v4l2.c"
"vb2_reqbufs","2_SubSystem",1,"v4l_reqbufs","videobuf2-v4l2.c"
"vb2_expbuf","2_SubSystem",1,"v4l_stub_expbuf","videobuf2-v4l2.c"
"vb2_streamon","2_SubSystem",1,"v4l_streamon","videobuf2-v4l2.c"
"vb2_streamoff","2_SubSystem",1,"v4l_streamoff","videobuf2-v4l2.c"
"vidioc_s_fmt_out_mplane","2_SubSystem",1,"v4l_s_fmt","hantro_v4l2.c"
"trace_vb2_dqbuf","3_kernel",1,"v4l_dqbuf","vb2.h"
"vb2_dqbuf","2_SubSystem",1,"v4l_dqbuf","videobuf2-v4l2.c"
"trace_vb2_qbuf","3_kernel",1,"v4l_qbuf","vb2.h"
"vb2_ops_wait_prepare","2_SubSystem",1,"v4l_dqbuf","videobuf2-v4l2.c"
"vb2_ops_wait_finish","2_SubSystem",1,"v4l_dqbuf","videobuf2-v4l2.c"
"vb2_qbuf","2_SubSystem",1,"v4l_qbuf","videobuf2-v4l2.c"
"video_drvdata","3_kernel",1,"v4l_querycap","v4l2-dev.h"
"video_device_node_name","3_kernel",1,"v4l_s_ext_ctrls","v4l2-dev.h"
"vb2_core_querybuf","2_SubSystem",1,"v4l_querybuf","videobuf2-core.c"
"vb2_core_reqbufs","2_SubSystem",1,"v4l_reqbufs","videobuf2-core.c"
"vb2_core_qbuf","2_SubSystem",1,"v4l_qbuf","videobuf2-core.c"
"vb2_core_dqbuf","2_SubSystem",1,"v4l_dqbuf","videobuf2-core.c"
"vb2_core_streamon","2_SubSystem",1,"v4l_streamon","videobuf2-core.c"
"vb2_core_streamoff","2_SubSystem",1,"v4l_streamoff","videobuf2-core.c"
"vidioc_g_fmt_cap_mplane","1_Driver",1,"v4l_g_fmt","hantro_v4l2.c"
"vidioc_g_fmt_cap_mplane","2_SubSystem",1,"v4l_g_fmt","hantro_v4l2.c"
"vidioc_g_fmt_out_mplane","1_Driver",1,"v4l_g_fmt","hantro_v4l2.c"
"__vb2_buf_mem_alloc","2_SubSystem",1,"v4l_reqbufs","videobuf2-core.c"
"__vb2_buf_mem_free","2_SubSystem",1,"v4l_reqbufs","videobuf2-core.c"
"vidioc_g_fmt_out_mplane","2_SubSystem",1,"v4l_g_fmt","hantro_v4l2.c"
"vb2_core_expbuf","2_SubSystem",1,"v4l_stub_expbuf","videobuf2-core.c"
"__vb2_buf_userptr_put","2_SubSystem",1,"v4l_reqbufs","videobuf2-core.c"
"__vb2_buf_mem_prepare","2_SubSystem",1,"v4l_qbuf","videobuf2-core.c"
"vb2_verify_memory_type","2_SubSystem",1,"v4l_reqbufs","videobuf2-core.c"
"vb2_start_streaming_called","2_SubSystem",1,"v4l_qbuf","videobuf2-core.h"
"media_set_bus_info","3_kernel",1,"v4l_querycap","media-device.h"
"frame_vector_create","2_SubSystem",1,"v4l_qbuf","frame_vector.c"
"get_vaddr_frames","2_SubSystem",1,"v4l_qbuf","frame_vector.c"
"frame_vector_to_pages","2_SubSystem",1,"v4l_qbuf","frame_vector.c"
"vmalloc_user_noprof","3_kernel",1,"v4l_reqbufs","vmalloc.h"
